1	íó	íó	PART	_	_	_	_	_	@mva1988f-words#@mva1988f#3793.074#3793.407				
2	îíè	îíè	PRON	_	Case=Nom|Number=Plur|Person=3	_	_	_	@mva1988f-words#@mva1988f#3793.407#3793.74				
3	äîñòàòî÷íî	äîñòàòî÷íî	ADV	_	Degree=Pos	_	_	_	@mva1988f-words#@mva1988f#3793.74#3794.073				
4	áîëüøèå	áîëüøîé	ADJ	_	Case=Nom|Degree=Pos|Number=Plur	_	_	_	@mva1988f-words#@mva1988f#3794.073#3794.406				
5	áûëè	áûòü	AUX	_	Aspect=Imp|Mood=Ind|Number=Plur|Tense=Past|VerbForm=Fin|Voice=Act	_	_	_	@mva1988f-words#@mva1988f#3794.406#3794.739				
6	òî	òî	PRON	_	Animacy=Inan|Case=Nom|Gender=Neut|Number=Sing	_	_	_	@mva1988f-words#@mva1988f#3794.739#3795.072				
7	åñòü	áûòü	VERB	_	Aspect=Imp|Mood=Ind|Number=Sing|Person=3|Tense=Pres|VerbForm=Fin|Voice=Act	_	_	_	@mva1988f-words#@mva1988f#3795.072#3795.405				
8	ìû	ìû	PRON	_	Case=Nom|Number=Plur|Person=1	_	_	_	@mva1988f-words#@mva1988f#3795.405#3795.738				
9	íà÷àëè	íà÷àòü	VERB	_	Aspect=Perf|Mood=Ind|Number=Plur|Tense=Past|VerbForm=Fin|Voice=Act	_	_	_	@mva1988f-words#@mva1988f#3795.738#3796.074				
10	èç	èç	ADP	_	_	_	_	_	@mva1988f-words#@mva1988f#3797.103#3798.045				
11	—åõèè	—åõèß	PROPN	_	Animacy=Inan|Case=Gen|Gender=Fem|Number=Sing	_	_	_	@mva1988f-words#@mva1988f#3798.221#3799.045				
12	ïðîåõàëè	ïðîåõàòü	VERB	_	Aspect=Perf|Mood=Ind|Number=Plur|Tense=Past|VerbForm=Fin|Voice=Act	_	_	_	@mva1988f-words#@mva1988f#3799.545#3800.309				
13	ƒîëëàíäèþ	ƒîëëàíäèß	PROPN	_	Animacy=Inan|Case=Acc|Gender=Fem|Number=Sing	_	_	_	@mva1988f-words#@mva1988f#3800.309#3801.073				
14	ƒåðìàíèþ	ƒåðìàíèß	PROPN	_	Animacy=Inan|Case=Acc|Gender=Fem|Number=Sing	_	_	_	@mva1988f-words#@mva1988f#3801.073#3801.837				
15	˜âåöèþ	˜âåöèß	PROPN	_	Animacy=Inan|Case=Acc|Gender=Fem|Number=Sing	_	_	_	@mva1988f-words#@mva1988f#3801.837#3802.603				
16	÷àñòü	÷àñòü	NOUN	_	Animacy=Inan|Case=Acc|Gender=Fem|Number=Sing	_	_	_	@mva1988f-words#@mva1988f#3803.545#3804.045				
17	ˆñïàíèè	ˆñïàíèß	PROPN	_	Animacy=Inan|Case=Gen|Gender=Fem|Number=Sing	_	_	_	@mva1988f-words#@mva1988f#3804.045#3804.545				
18	îäèí	îäèí	NUM	_	Animacy=Inan|Case=Acc|Gender=Masc	_	_	_	@mva1988f-words#@mva1988f#3804.868#3805.417				
19	ãîðîä	ãîðîä	NOUN	_	Animacy=Inan|Case=Acc|Gender=Masc|Number=Sing	_	_	_	@mva1988f-words#@mva1988f#3805.417#3805.966				
20	ˆòàëèè	ˆòàëèß	PROPN	_	Animacy=Inan|Case=Gen|Gender=Fem|Number=Sing	_	_	_	@mva1988f-words#@mva1988f#3805.966#3806.515				
21	äâà	äâà	NUM	_	Animacy=Inan|Case=Acc|Gender=Masc	_	_	_	@mva1988f-words#@mva1988f#3808.422#3808.951				
22	ììì	ììì	INTJ	_	Animacy=Inan|Case=Acc|Gender=Masc|Number=Sing	_	_	_	@mva1988f-words#@mva1988f#3809.215#3809.686				
23	ïîòîì	ïîòîì	ADV	_	Degree=Pos	_	_	_	@mva1988f-words#@mva1988f#3809.744#3810.126				
24	ïîëåòåëè	ïîëåòåòü	VERB	_	Aspect=Perf|Mood=Ind|Number=Plur|Tense=Past|VerbForm=Fin|Voice=Act	_	_	_	@mva1988f-words#@mva1988f#3810.126#3810.508				
25	â	â	ADP	_	_	_	_	_	@mva1988f-words#@mva1988f#3810.508#3810.89				
26	îâóþ	íîâûé	ADJ	_	Case=Acc|Degree=Pos|Gender=Fem|Number=Sing	_	_	_	@mva1988f-words#@mva1988f#3810.89#3811.272				
27	‡åëàíäèþ	‡åëàíäèß	PROPN	_	Animacy=Inan|Case=Acc|Gender=Fem|Number=Sing	_	_	_	@mva1988f-words#@mva1988f#3811.272#3811.654				
28	ïîòîì	ïîòîì	ADV	_	Degree=Pos	_	_	_	@mva1988f-words#@mva1988f#3811.654#3812.036				
29	â	â	ADP	_	_	_	_	_	@mva1988f-words#@mva1988f#3812.036#3812.418				
30	€âñòðàëèþ	€âñòðàëèß	PROPN	_	Animacy=Inan|Case=Acc|Gender=Fem|Number=Sing	_	_	_	@mva1988f-words#@mva1988f#3812.418#3812.803				
31	ïîòîì	ïîòîì	ADV	_	Degree=Pos	_	_	_	@mva1988f-words#@mva1988f#3812.92#3813.351				
32	â	â	ADP	_	_	_	_	_	@mva1988f-words#@mva1988f#3813.351#3813.782				
33	—åðíîãîðèþ	—åðíîãîðèß	PROPN	_	Animacy=Inan|Case=Acc|Gender=Fem|Number=Sing	_	_	_	@mva1988f-words#@mva1988f#3813.782#3814.214				
34	ïîòîì	ïîòîì	ADV	_	Degree=Pos	_	_	_	@mva1988f-words#@mva1988f#3814.773#3815.008				
35	â	â	ADP	_	_	_	_	_	@mva1988f-words#@mva1988f#3815.008#3815.243				
36	‘åðáèþ	‘åðáèß	PROPN	_	Animacy=Inan|Case=Acc|Gender=Fem|Number=Sing	_	_	_	@mva1988f-words#@mva1988f#3815.243#3815.478				
37	ïîòîì	ïîòîì	ADV	_	Degree=Pos	_	_	_	@mva1988f-words#@mva1988f#3815.478#3815.713				
38	âñÞ	âñå	PRON	_	Animacy=Inan|Case=Acc|Gender=Neut|Number=Sing	_	_	_	@mva1988f-words#@mva1988f#3815.713#3815.95				
39	ïîñëå	ïîñëå	ADP	_	_	_	_	_	@mva1988f-words#@mva1988f#3816.185#3816.508				
40	òàì	òàì	ADV	_	Degree=Pos	_	_	_	@mva1988f-words#@mva1988f#3816.508#3816.831				
41	êàæäîãî	êàæäûé	DET	_	Case=Gen|Gender=Neut|Number=Sing	_	_	_	@mva1988f-words#@mva1988f#3816.831#3817.154				
42	âûñòóïëåíèß	âûñòóïëåíèå	NOUN	_	Animacy=Inan|Case=Gen|Gender=Neut|Number=Sing	_	_	_	@mva1988f-words#@mva1988f#3817.154#3817.479				
43	òàì	òàì	ADV	_	Degree=Pos	_	_	_	@mva1988f-words#@mva1988f#3817.714#3818.126				
44	ñóïåð	ñóïåð	ADV	_	Degree=Pos	_	_	_	@mva1988f-words#@mva1988f#3818.391#3818.718				
45	áîëüøàß	áîëüøîé	ADJ	_	Case=Nom|Degree=Pos|Gender=Fem|Number=Sing	_	_	_	@mva1988f-words#@mva1988f#3818.718#3819.045				
46	î÷åðåäü	î÷åðåäü	NOUN	_	Animacy=Inan|Case=Nom|Gender=Fem|Number=Sing	_	_	_	@mva1988f-words#@mva1988f#3819.045#3819.372				
47	òû	òû	PRON	_	Case=Nom|Number=Sing|Person=2	_	_	_	@mva1988f-words#@mva1988f#3819.372#3819.699				
48	ñèäèøü	ñèäåòü	VERB	_	Aspect=Imp|Mood=Ind|Number=Sing|Person=2|Tense=Pres|VerbForm=Fin|Voice=Act	_	_	_	@mva1988f-words#@mva1988f#3819.699#3820.026				
49	ïîäïèñûâàåøü	ïîäïèñûâàòü	VERB	_	Aspect=Imp|Mood=Ind|Number=Sing|Person=2|Tense=Pres|VerbForm=Fin|Voice=Act	_	_	_	@mva1988f-words#@mva1988f#3820.026#3820.353				
50	ñîîòâåòñòâåííî	ñîîòâåòñòâåííî	ADV	_	Degree=Pos	_	_	_	@mva1988f-words#@mva1988f#3820.353#3820.685				
51	ñ	ñ	ADP	_	_	_	_	_	@mva1988f-words#@mva1988f#3821.126#3821.384				
52	êàæäûì	êàæäûé	DET	_	Case=Ins|Gender=Masc|Number=Sing	_	_	_	@mva1988f-words#@mva1988f#3821.384#3821.642				
53	÷åëîâåêîì	÷åëîâåê	NOUN	_	Animacy=Anim|Case=Ins|Gender=Masc|Number=Sing	_	_	_	@mva1988f-words#@mva1988f#3821.642#3821.9				
54	êòî	êòî	PRON	_	Case=Nom	_	_	_	@mva1988f-words#@mva1988f#3821.9#3822.158				
55	ïîäõîäèò	ïîäõîäèòü	VERB	_	Aspect=Imp|Mood=Ind|Number=Sing|Person=3|Tense=Pres|VerbForm=Fin|Voice=Act	_	_	_	@mva1988f-words#@mva1988f#3822.158#3822.42				
56	îáùàåøüñß	îáùàòüñß	VERB	_	Aspect=Imp|Mood=Ind|Number=Sing|Person=2|Tense=Pres|VerbForm=Fin|Voice=Mid	_	_	_	@mva1988f-words#@mva1988f#3822.832#3823.135				
57	è	è	CCONJ	_	_	_	_	_	@mva1988f-words#@mva1988f#3823.135#3823.438				
58	î÷åíü	î÷åíü	ADV	_	Degree=Pos	_	_	_	@mva1988f-words#@mva1988f#3823.438#3823.741				
59	ìíîãî	ìíîãî	ADV	_	Degree=Pos	_	_	_	@mva1988f-words#@mva1988f#3823.741#3824.044				
60	ëþäåé	÷åëîâåê	NOUN	_	Animacy=Anim|Case=Gen|Gender=Masc|Number=Plur	_	_	_	@mva1988f-words#@mva1988f#3824.044#3824.347				
61	îíè	îíè	PRON	_	Case=Nom|Number=Plur|Person=3	_	_	_	@mva1988f-words#@mva1988f#3824.347#3824.655				
62	à	à	CCONJ	_	_	_	_	_	@mva1988f-words#@mva1988f#3825.213#3825.566				
63	ïðî	ïðî	ADP	_	_	_	_	_	@mva1988f-words#@mva1988f#3825.566#3825.925				
64	êíèæêó	êíèæêà	NOUN	_	Animacy=Inan|Case=Acc|Gender=Fem|Number=Sing	_	_	_	@mva1988f-words#@mva1988f#3825.925#3826.284				
65	òàì	òàì	ADV	_	Degree=Pos	_	_	_	@mva1988f-words#@mva1988f#3826.284#3826.643				
66	ñëûøàëè	ñëûøàòü	VERB	_	Aspect=Imp|Mood=Ind|Number=Plur|Tense=Past|VerbForm=Fin|Voice=Act	_	_	_	@mva1988f-words#@mva1988f#3826.643#3827.002				
67	äî	äî	ADP	_	_	_	_	_	@mva1988f-words#@mva1988f#3827.002#3827.361				
68	âñßêîãî	âñßêèé	DET	_	Case=Gen|Gender=Masc|Number=Sing	_	_	_	@mva1988f-words#@mva1988f#3827.361#3827.72				
69	êîíöåðòà	êîíöåðò	NOUN	_	Animacy=Inan|Case=Gen|Gender=Masc|Number=Sing	_	_	_	@mva1988f-words#@mva1988f#3827.72#3828.079				
70	è	è	CCONJ	_	_	_	_	_	@mva1988f-words#@mva1988f#3828.079#3828.438				
71	êóïèëè	êóïèòü	VERB	_	Aspect=Imp|Mood=Ind|Number=Plur|Tense=Past|VerbForm=Fin|Voice=Act	_	_	_	@mva1988f-words#@mva1988f#3828.438#3828.801				
72	ïî	ïî	ADP	_	_	_	_	_	@mva1988f-words#@mva1988f#3829.36#3829.712				
73	èíòåðíåòó	èíòåðíåò	NOUN	_	Animacy=Inan|Case=Dat|Gender=Masc|Number=Sing	_	_	_	@mva1988f-words#@mva1988f#3829.712#3830.064				
74	è	è	CCONJ	_	_	_	_	_	@mva1988f-words#@mva1988f#3830.064#3830.416				
75	óæå	óæå	ADV	_	Degree=Pos	_	_	_	@mva1988f-words#@mva1988f#3830.416#3830.768				
76	ïðî÷ëè	ïðî÷åñòü	VERB	_	Aspect=Perf|Mood=Ind|Number=Plur|Tense=Past|VerbForm=Fin|Voice=Act	_	_	_	@mva1988f-words#@mva1988f#3830.768#3831.124				
77	äëß	äëß	ADP	_	_	_	_	_	@mva1988f-words#@mva1988f#3831.242#3831.521				
78	ìåíß	ß	PRON	_	Case=Gen|Number=Sing|Person=1	_	_	_	@mva1988f-words#@mva1988f#3831.521#3831.8				
79	ñàìûé	ñàìûé	ADJ	_	Animacy=Inan|Case=Acc|Degree=Pos|Gender=Masc|Number=Sing	_	_	_	@mva1988f-words#@mva1988f#3831.8#3832.079				
80	êëàññíûé	êëàññíûé	ADJ	_	Animacy=Inan|Case=Acc|Degree=Pos|Gender=Masc|Number=Sing	_	_	_	@mva1988f-words#@mva1988f#3832.079#3832.358				
81	îòâåò	îòâåò	NOUN	_	Animacy=Inan|Case=Acc|Gender=Masc|Number=Sing	_	_	_	@mva1988f-words#@mva1988f#3832.358#3832.637				
82	ýòî	ýòî	PRON	_	Animacy=Inan|Case=Acc|Gender=Neut|Number=Sing	_	_	_	@mva1988f-words#@mva1988f#3832.637#3832.916				
83	ìû	ìû	PRON	_	Case=Nom|Number=Plur|Person=1	_	_	_	@mva1988f-words#@mva1988f#3832.916#3833.195				
84	ïðî÷ëè	ïðî÷åñòü	VERB	_	Aspect=Perf|Mood=Ind|Number=Plur|Tense=Past|VerbForm=Fin|Voice=Act	_	_	_	@mva1988f-words#@mva1988f#3833.195#3833.477				
85	è	è	CCONJ	_	_	_	_	_	@mva1988f-words#@mva1988f#3833.712#3833.954				
86	ìû	ìû	PRON	_	Case=Nom|Number=Plur|Person=1	_	_	_	@mva1988f-words#@mva1988f#3833.954#3834.196				
87	òîæå	òîæå	PART	_	_	_	_	_	@mva1988f-words#@mva1988f#3834.196#3834.438				
88	âîò	âîò	PART	_	_	_	_	_	@mva1988f-words#@mva1988f#3834.438#3834.68				
89	âîò	âîò	PART	_	_	_	_	_	@mva1988f-words#@mva1988f#3834.68#3834.922				
90	êàêèå-òî	êàêîé-òî	DET	_	Case=Nom|Number=Plur	_	_	_	@mva1988f-words#@mva1988f#3834.922#3835.164				
91	øòóêè	øòóêà	NOUN	_	Animacy=Anim|Case=Nom|Number=Plur	_	_	_	@mva1988f-words#@mva1988f#3835.164#3835.406				
92	ñäåëàëè	cäåëàòü	VERB	_	Aspect=Perf|Mood=Ind|Number=Plur|Tense=Past|VerbForm=Fin|Voice=Act	_	_	_	@mva1988f-words#@mva1988f#3835.406#3835.653				
93	äà	äà	INTJ	_	_	_	_	_	@mva1988f-words#@mva1988f#3836.917#3837.211				
94	íó	íó	PART	_	_	_	_	_	@mva1988f-words#@mva1988f#3837.358#3837.652				
95	òî	òî	PRON	_	Animacy=Inan|Case=Nom|Gender=Neut|Number=Sing	_	_	_	@mva1988f-words#@mva1988f#3837.652#3837.946				
96	åñòü	áûòü	VERB	_	Aspect=Imp|Mood=Ind|Number=Sing|Person=3|Tense=Pres|VerbForm=Fin|Voice=Act	_	_	_	@mva1988f-words#@mva1988f#3837.946#3838.241				
97	íó	íó	PART	_	_	_	_	_	@mva1988f-words#@mva1988f#3842.615#3843.027				
98	ðàçíûå	ðàçíûé	ADJ	_	Case=Nom|Degree=Pos|Number=Plur	_	_	_	@mva1988f-words#@mva1988f#3843.115#3844.07				
99	èíèöèàòèâû	èíèöèàòèâà	NOUN	_	Animacy=Inan|Case=Nom|Number=Plur	_	_	_	@mva1988f-words#@mva1988f#3844.07#3845.025				
100	íà÷èíàþò	íà÷èíàòü	VERB	_	Aspect=Imp|Mood=Ind|Number=Plur|Person=3|Tense=Pres|VerbForm=Fin|Voice=Act	_	_	_	@mva1988f-words#@mva1988f#3845.025#3845.98				
101	ñòóäåí÷åñêèå	ñòóäåí÷åñêèé	ADJ	_	Case=Nom|Degree=Pos|Number=Plur	_	_	_	@mva1988f-words#@mva1988f#3845.98#3846.938				
102	ãðóïïû	ãðóïïà	NOUN	_	Animacy=Inan|Case=Nom|Number=Plur	_	_	_	@mva1988f-words#@mva1988f#3847.438#3848.349				
103	îðãàíèçîâûâàþò	îðãàíèçîâûâàòü	VERB	_	Aspect=Imp|Mood=Ind|Number=Plur|Person=3|Tense=Pres|VerbForm=Fin|Voice=Act	_	_	_	@mva1988f-words#@mva1988f#3848.349#3849.261				
104	êàê	êàê	SCONJ	_	_	_	_	_	@mva1988f-words#@mva1988f#3849.636#3849.969				
105	ìóçûêàëüíûå	ìóçûêàëüíûé	ADJ	_	Case=Nom|Degree=Pos|Number=Plur	_	_	_	@mva1988f-words#@mva1988f#3849.969#3850.302				
106	âîò	âîò	PART	_	_	_	_	_	@mva1988f-words#@mva1988f#3850.302#3850.635				
107	íó	íó	PART	_	_	_	_	_	@mva1988f-words#@mva1988f#3850.635#3850.968				
108	òî	òî	PRON	_	Animacy=Inan|Case=Nom|Gender=Neut|Number=Sing	_	_	_	@mva1988f-words#@mva1988f#3850.968#3851.301				
109	åñòü	áûòü	VERB	_	Aspect=Imp|Mood=Ind|Number=Sing|Person=3|Tense=Pres|VerbForm=Fin|Voice=Act	_	_	_	@mva1988f-words#@mva1988f#3851.301#3851.634				
110	êòî-òî	êòî-òî	PRON	_	Case=Nom	_	_	_	@mva1988f-words#@mva1988f#3851.634#3851.967				
111	òàì	òàì	ADV	_	Degree=Pos	_	_	_	@mva1988f-words#@mva1988f#3851.967#3852.3				
112	ðåøèë	ðåøèòü	VERB	_	Aspect=Perf|Gender=Masc|Mood=Ind|Number=Sing|Tense=Past|VerbForm=Fin|Voice=Act	_	_	_	@mva1988f-words#@mva1988f#3852.3#3852.636				
113	ñîçäàòü	ñîçäàòü	VERB	_	Aspect=Perf|VerbForm=Inf|Voice=Act	_	_	_	@mva1988f-words#@mva1988f#3853.313#3853.96				
114	òîæå	òîæå	PART	_	_	_	_	_	@mva1988f-words#@mva1988f#3855.342#3856.077				
115	ïàíê-ãðóïïó	ïàíê-ãðóïïà	NOUN	_	Animacy=Inan|Case=Acc|Gender=Fem|Number=Sing	_	_	_	@mva1988f-words#@mva1988f#3856.077#3856.813				
116	òî	òî	PRON	_	Animacy=Inan|Case=Nom|Gender=Neut|Number=Sing	_	_	_	@mva1988f-words#@mva1988f#3857.195#3857.489				
117	åñòü	áûòü	VERB	_	Aspect=Imp|Mood=Ind|Number=Sing|Person=3|Tense=Pres|VerbForm=Fin|Voice=Act	_	_	_	@mva1988f-words#@mva1988f#3857.489#3857.783				
118	ïîíßòíî	ïîíßòíûé	ADJ	_	Degree=Pos|Gender=Neut|Number=Sing|Variant=Short	_	_	_	@mva1988f-words#@mva1988f#3857.783#3858.077				
119	÷òî	÷òî	SCONJ	_	_	_	_	_	@mva1988f-words#@mva1988f#3858.077#3858.371				
120	â	â	ADP	_	_	_	_	_	@mva1988f-words#@mva1988f#3858.371#3858.665				
121	ëþáîé	ëþáîé	DET	_	Case=Loc|Gender=Fem|Number=Sing	_	_	_	@mva1988f-words#@mva1988f#3858.665#3858.959				
122	òàì	òàì	ADV	_	Degree=Pos	_	_	_	@mva1988f-words#@mva1988f#3858.959#3859.253				
123	åâðîïåéñêîé	åâðîïåéñêèé	ADJ	_	Case=Loc|Degree=Pos|Gender=Fem|Number=Sing	_	_	_	@mva1988f-words#@mva1988f#3859.253#3859.547				
124	ñòðàíå	ñòðàíà	NOUN	_	Animacy=Inan|Case=Loc|Gender=Fem|Number=Sing	_	_	_	@mva1988f-words#@mva1988f#3859.547#3859.841				
125	ýòî	ýòî	PRON	_	Animacy=Inan|Case=Nom|Gender=Neut|Number=Sing	_	_	_	@mva1988f-words#@mva1988f#3859.841#3860.135				
126	ñîâåðøåííî	ñîâåðøåííî	ADV	_	Degree=Pos	_	_	_	@mva1988f-words#@mva1988f#3860.135#3860.429				
127	äðóãîé	äðóãîé	ADJ	_	Case=Nom|Degree=Pos|Gender=Masc|Number=Sing	_	_	_	@mva1988f-words#@mva1988f#3860.429#3860.723				
128	êîíòåêñò	êîíòåêñò	NOUN	_	Animacy=Inan|Case=Nom|Gender=Masc|Number=Sing	_	_	_	@mva1988f-words#@mva1988f#3860.723#3861.017				
129	è	è	CCONJ	_	_	_	_	_	@mva1988f-words#@mva1988f#3861.017#3861.312				
130	òàì	òàì	ADV	_	Degree=Pos	_	_	_	@mva1988f-words#@mva1988f#3861.665#3862.312				
131	ðåøåíèå	ðåøåíèå	NOUN	_	Animacy=Inan|Case=Nom|Gender=Neut|Number=Sing	_	_	_	@mva1988f-words#@mva1988f#3862.312#3862.959				
132	ñîçäàòü	ñîçäàòü	VERB	_	Aspect=Perf|VerbForm=Inf|Voice=Act	_	_	_	@mva1988f-words#@mva1988f#3863.253#3863.655				
133	ôåìèíèñòñêóþ	ôåìèíèñòñêèé	ADJ	_	Case=Acc|Degree=Pos|Gender=Fem|Number=Sing	_	_	_	@mva1988f-words#@mva1988f#3863.655#3864.057				
134	ïàíê-ãðóïïó	ïàíê-ãðóïïà	NOUN	_	Animacy=Inan|Case=Acc|Gender=Fem|Number=Sing	_	_	_	@mva1988f-words#@mva1988f#3864.057#3864.459				
135	ýòî	ýòî	PRON	_	Animacy=Inan|Case=Nom|Gender=Neut|Number=Sing	_	_	_	@mva1988f-words#@mva1988f#3864.459#3864.861				
136	íå	íå	PART	_	_	_	_	_	@mva1988f-words#@mva1988f#3864.861#3865.263				
137	êàêîå-òî	êàêîé-òî	DET	_	Case=Acc|Gender=Neut|Number=Sing	_	_	_	@mva1988f-words#@mva1988f#3865.263#3865.665				
138	òàêîå	òàêîé	DET	_	Case=Acc|Gender=Neut|Number=Sing	_	_	_	@mva1988f-words#@mva1988f#3865.665#3866.067				
139	ðàäèêàëüíîå	ðàäèêàëüíûé	ADJ	_	Case=Acc|Degree=Pos|Gender=Neut|Number=Sing	_	_	_	@mva1988f-words#@mva1988f#3866.067#3866.469				
140	ðåøåíèå	ðåøåíèå	NOUN	_	Animacy=Inan|Case=Acc|Gender=Neut|Number=Sing	_	_	_	@mva1988f-words#@mva1988f#3866.469#3866.871				
141	íî	íî	CCONJ	_	_	_	_	_	@mva1988f-words#@mva1988f#3866.871#3867.273				
142	âñÞ	âñå	PRON	_	Animacy=Inan|Case=Nom|Gender=Neut|Number=Sing	_	_	_	@mva1988f-words#@mva1988f#3867.273#3867.675				
143	ðàâíî	ðàâíûé	ADJ	_	Degree=Pos|Gender=Neut|Number=Sing|Variant=Short	_	_	_	@mva1988f-words#@mva1988f#3867.675#3868.077				
144	ýòî	ýòî	PRON	_	Animacy=Inan|Case=Nom|Gender=Neut|Number=Sing	_	_	_	@mva1988f-words#@mva1988f#3868.724#3869.43				
145	î÷åíü	î÷åíü	ADV	_	Degree=Pos	_	_	_	@mva1988f-words#@mva1988f#3869.812#3870.223				
146	êëÞâî	êëÞâî	ADJ	_	Degree=Pos|Gender=Neut|Number=Sing|Variant=Short	_	_	_	@mva1988f-words#@mva1988f#3870.223#3870.635				
147	âîò	âîò	PART	_	_	_	_	_	@mva1988f-words#@mva1988f#3870.988#3871.256				
148	ýòî	ýòî	PRON	_	Animacy=Inan|Case=Nom|Gender=Neut|Number=Sing	_	_	_	@mva1988f-words#@mva1988f#3871.256#3871.524				
149	ìåíß	ß	PRON	_	Case=Acc|Number=Sing|Person=1	_	_	_	@mva1988f-words#@mva1988f#3871.524#3871.792				
150	ïîðàçèëî	ïîðàçèòü	VERB	_	Aspect=Perf|Gender=Neut|Mood=Ind|Number=Sing|Tense=Past|VerbForm=Fin|Voice=Act	_	_	_	@mva1988f-words#@mva1988f#3871.792#3872.06				
151	îñîáåííî	îñîáåííî	ADV	_	Degree=Pos	_	_	_	@mva1988f-words#@mva1988f#3872.06#3872.328				
152	â	â	ADP	_	_	_	_	_	@mva1988f-words#@mva1988f#3872.328#3872.596				
153	øòàòàõ	øòàò	NOUN	_	Animacy=Inan|Case=Loc|Number=Plur	_	_	_	@mva1988f-words#@mva1988f#3872.596#3872.864				
154	îíè	îíè	PRON	_	Case=Nom|Number=Plur|Person=3	_	_	_	@mva1988f-words#@mva1988f#3872.864#3873.132				
155	òàêèå	òàêîé	DET	_	Case=Nom|Number=Plur	_	_	_	@mva1988f-words#@mva1988f#3873.132#3873.4				
156	åñëè	åñëè	SCONJ	_	_	_	_	_	@mva1988f-words#@mva1988f#3874.488#3874.709				
157	áû	áû	AUX	_	_	_	_	_	@mva1988f-words#@mva1988f#3874.709#3874.93				
158	íå	íå	PART	_	_	_	_	_	@mva1988f-words#@mva1988f#3874.93#3875.151				
159	óññè	óññè	X	_	_	_	_	_	@mva1988f-words#@mva1988f#3875.151#3875.372				
160	àéîò	àéîò	X	_	_	_	_	_	@mva1988f-words#@mva1988f#3875.372#3875.593				
161	ìû	ìû	PRON	_	Case=Nom|Number=Plur|Person=1	_	_	_	@mva1988f-words#@mva1988f#3875.593#3875.814				
162	áû	áû	AUX	_	_	_	_	_	@mva1988f-words#@mva1988f#3875.814#3876.035				
163	íèêîãäà	íèêîãäà	ADV	_	Degree=Pos	_	_	_	@mva1988f-words#@mva1988f#3876.035#3876.256				
164	íå	íå	PART	_	_	_	_	_	@mva1988f-words#@mva1988f#3876.256#3876.477				
165	íà÷àëè	íà÷àòü	VERB	_	Aspect=Perf|Mood=Ind|Number=Plur|Tense=Past|VerbForm=Fin|Voice=Act	_	_	_	@mva1988f-words#@mva1988f#3876.477#3876.698				
166	èçó÷àòü	èçó÷àòü	VERB	_	Aspect=Imp|VerbForm=Inf|Voice=Act	_	_	_	@mva1988f-words#@mva1988f#3876.698#3876.919				
167	ðóññêèé	ðóññêèé	ADJ	_	Animacy=Inan|Case=Acc|Degree=Pos|Gender=Masc|Number=Sing	_	_	_	@mva1988f-words#@mva1988f#3876.919#3877.14				
168	ßçûê	ßçûê	NOUN	_	Animacy=Inan|Case=Acc|Gender=Masc|Number=Sing	_	_	_	@mva1988f-words#@mva1988f#3877.14#3877.371				
169	î÷	î÷åíü	ADV	_	Degree=Pos	_	_	_	@mva1988f-words#@mva1988f#3878.517#3878.899				
170	ìíîãî	ìíîãî	ADV	_	Degree=Pos	_	_	_	@mva1988f-words#@mva1988f#3878.899#3879.282				
171	âîò	âîò	PART	_	_	_	_	_	@mva1988f-words#@mva1988f#3879.664#3880.076				
172	ß	ß	PRON	_	Case=Nom|Number=Sing|Person=1	_	_	_	@mva1988f-words#@mva1988f#3882.194#3882.527				
173	ñàìà	ñàì	ADJ	_	Case=Nom|Degree=Pos|Gender=Fem|Number=Sing	_	_	_	@mva1988f-words#@mva1988f#3882.527#3882.86				
174	óäèâèëàñü	óäèâèòüñß	VERB	_	Aspect=Perf|Gender=Fem|Mood=Ind|Number=Sing|Tense=Past|VerbForm=Fin|Voice=Mid	_	_	_	@mva1988f-words#@mva1988f#3882.86#3883.194				
175	âîò	âîò	PART	_	_	_	_	_	@mva1988f-words#@mva1988f#3883.4#3883.694				
176	èì	îíè	PRON	_	Case=Dat|Number=Plur|Person=3	_	_	_	@mva1988f-words#@mva1988f#3888.096#3888.458				
177	èíòåðåñíî	èíòåðåñíî	ADV	_	Degree=Pos	_	_	_	@mva1988f-words#@mva1988f#3888.458#3888.82				
178	èì	îíè	PRON	_	Case=Dat|Number=Plur|Person=3	_	_	_	@mva1988f-words#@mva1988f#3888.82#3889.182				
179	èíòåðåñåí	èíòåðåñíûé	ADJ	_	Degree=Pos|Gender=Masc|Number=Sing|Variant=Short	_	_	_	@mva1988f-words#@mva1988f#3889.182#3889.544				
180	êîíòåêñò	êîíòåêñò	NOUN	_	Animacy=Inan|Case=Nom|Gender=Masc|Number=Sing	_	_	_	@mva1988f-words#@mva1988f#3889.544#3889.906				
181	èì	îíè	PRON	_	Case=Dat|Number=Plur|Person=3	_	_	_	@mva1988f-words#@mva1988f#3889.906#3890.268				
182	èíòåðåñòíû	èíòåðåñòíûé	ADJ	_	Degree=Pos|Number=Plur|Variant=Short	_	_	_	@mva1988f-words#@mva1988f#3890.268#3890.63				
183	âîò	âîò	PART	_	_	_	_	_	@mva1988f-words#@mva1988f#3890.63#3890.992				
184	íó	íó	PART	_	_	_	_	_	@mva1988f-words#@mva1988f#3890.992#3891.354				
185	òî	òî	PRON	_	Animacy=Inan|Case=Nom|Gender=Neut|Number=Sing	_	_	_	@mva1988f-words#@mva1988f#3891.354#3891.716				
186	åñòü	áûòü	VERB	_	Aspect=Imp|Mood=Ind|Number=Sing|Person=3|Tense=Pres|VerbForm=Fin|Voice=Act	_	_	_	@mva1988f-words#@mva1988f#3891.716#3892.078				
187	êîíòåêñò	êîíòåêñò	NOUN	_	Animacy=Inan|Case=Acc|Gender=Masc|Number=Sing	_	_	_	@mva1988f-words#@mva1988f#3892.078#3892.44				
188	â	â	ADP	_	_	_	_	_	@mva1988f-words#@mva1988f#3892.44#3892.802				
189	êîòîðîì	êîòîðûé	PRON	_	Case=Loc|Gender=Masc|Number=Sing	_	_	_	@mva1988f-words#@mva1988f#3892.802#3893.164				
190	ïðîèñõîäßò	ïðîèñõîäèòü	VERB	_	Aspect=Imp|Mood=Ind|Number=Plur|Person=3|Tense=Pres|VerbForm=Fin|Voice=Act	_	_	_	@mva1988f-words#@mva1988f#3893.164#3893.526				
191	òàêèå	òàêîé	DET	_	Case=Nom|Number=Plur	_	_	_	@mva1988f-words#@mva1988f#3893.526#3893.888				
192	ïîëèòè÷åñêèå	ïîëèòè÷åñêèé	ADJ	_	Case=Nom|Degree=Pos|Number=Plur	_	_	_	@mva1988f-words#@mva1988f#3893.888#3894.25				
193	ñîáûòèß	ñîáûòèå	NOUN	_	Animacy=Inan|Case=Nom|Gender=Neut|Number=Plur	_	_	_	@mva1988f-words#@mva1988f#3894.25#3894.625				
194	ïîòîìó	ïîòîìó	ADV	_	Degree=Pos	_	_	_	@mva1988f-words#@mva1988f#3895.271#3895.553				
195	÷òî	÷òî	SCONJ	_	_	_	_	_	@mva1988f-words#@mva1988f#3895.553#3895.835				
196	äëß	äëß	ADP	_	_	_	_	_	@mva1988f-words#@mva1988f#3895.835#3896.117				
197	íèõ	îíè	PRON	_	Case=Gen|Number=Plur|Person=3	_	_	_	@mva1988f-words#@mva1988f#3896.117#3896.399				
198	ýòî	ýòî	PRON	_	Animacy=Inan|Case=Nom|Gender=Neut|Number=Sing	_	_	_	@mva1988f-words#@mva1988f#3896.399#3896.683				
199	íó	íó	PART	_	_	_	_	_	@mva1988f-words#@mva1988f#3897.154#3897.565				
200	ïðîñòî	ïðîñòî	PART	_	_	_	_	_	@mva1988f-words#@mva1988f#3897.565#3897.976				
201	ãëàâà	ãëàâà	NOUN	_	Animacy=Anim|Case=Nom|Gender=Masc|Number=Sing	_	_	_	@mva1988f-words#@mva1988f#3897.976#3898.387				
202	àíòèóòîïèè	àíòèóòîïèß	NOUN	_	Animacy=Inan|Case=Gen|Gender=Fem|Number=Sing	_	_	_	@mva1988f-words#@mva1988f#3898.387#3898.801				
203	èèè	èèè	INTJ	_	_	_	_	_	@mva1988f-words#@mva1988f#3899.712#3900.3				
204	à	à	CCONJ	_	_	_	_	_	@mva1988f-words#@mva1988f#3900.653#3900.853				
205	äëß	äëß	ADP	_	_	_	_	_	@mva1988f-words#@mva1988f#3900.853#3901.053				
206	íàñ	ìû	PRON	_	Case=Gen|Number=Plur|Person=1	_	_	_	@mva1988f-words#@mva1988f#3901.053#3901.253				
207	ýòî	ýòî	PRON	_	Animacy=Inan|Case=Acc|Gender=Neut|Number=Sing	_	_	_	@mva1988f-words#@mva1988f#3901.253#3901.453				
208	ðåàëüíîñòü	ðåàëüíîñòü	NOUN	_	Animacy=Inan|Case=Nom|Gender=Fem|Number=Sing	_	_	_	@mva1988f-words#@mva1988f#3901.453#3901.653				
209	ìû	ìû	PRON	_	Case=Nom|Number=Plur|Person=1	_	_	_	@mva1988f-words#@mva1988f#3904.17#3904.511				
210	óññè	óññè	X	_	_	_	_	_	@mva1988f-words#@mva1988f#3904.511#3904.852				
211	àéîò	àéîò	X	_		_	_	_	@mva1988f-words#@mva1988f#3904.852#3905.193				
212	âûøëè	âûéòè	VERB	_	_	_	_	_	@mva1988f-words#@mva1988f#3905.193#3905.534				
213	íà	íà	ADP	_	_	_	_	_	@mva1988f-words#@mva1988f#3905.534#3905.875				
214	ïëîùàäü	ïëîùàäü	NOUN	_	Animacy=Inan|Case=Acc|Gender=Fem|Number=Sing	_	_	_	@mva1988f-words#@mva1988f#3905.875#3906.216				
215	ñ	ñ	ADP	_	_	_	_	_	@mva1988f-words#@mva1988f#3906.216#3906.557				
216	æåëàíèåì	æåëàíèå	NOUN	_	Animacy=Inan|Case=Ins|Gender=Neut|Number=Sing	_	_	_	@mva1988f-words#@mva1988f#3906.557#3906.898				
217	äðóãîé	äðóãàß	ADJ	_	Case=Gen|Degree=Pos|Gender=Fem|Number=Sing	_	_	_	@mva1988f-words#@mva1988f#3906.898#3907.239				
218	èñòîðèè	èñòîðèß	NOUN	_	Animacy=Inan|Case=Gen|Gender=Fem|Number=Sing	_	_	_	@mva1988f-words#@mva1988f#3907.239#3907.582				
219	ïîòîìó	ïîòîìó	ADV	_	Degree=Pos	_	_	_	@mva1988f-words#@mva1988f#3908.17#3908.537				
220	÷òî	÷òî	SCONJ	_	_	_	_	_	@mva1988f-words#@mva1988f#3908.537#3908.904				
221	òà	òîò	DET	_	Case=Nom|Gender=Fem|Number=Sing	_	_	_	@mva1988f-words#@mva1988f#3908.904#3909.271				
222	â	â	ADP	_	_	_	_	_	@mva1988f-words#@mva1988f#3909.271#3909.638				
223	êîòîðîé	êîòîðûé	PRON	_	Case=Loc	_	_	_	@mva1988f-words#@mva1988f#3909.638#3910.005				
224	ïðåçèäåíò	ïðåçèäåíò	NOUN	_	Animacy=Anim|Case=Nom|Gender=Masc|Number=Sing	_	_	_	@mva1988f-words#@mva1988f#3910.005#3910.372				
225	ïðåâðàùàëñß	ïðåâðàùàòüñß	VERB	_	Aspect=Imp|Gender=Masc|Mood=Ind|Number=Sing|Tense=Past|VerbForm=Fin|Voice=Mid	_	_	_	@mva1988f-words#@mva1988f#3910.372#3910.739				
226	â	â	ADP	_	_	_	_	_	@mva1988f-words#@mva1988f#3910.739#3911.106				
227	èìïåðàòîðà	èìïåðàòîð	NOUN	_	Animacy=Anim|Case=Acc|Gender=Masc|Number=Sing	_	_	_	@mva1988f-words#@mva1988f#3911.106#3911.473				
228	íàñ	ìû	PRON	_	Case=Acc|Number=Plur|Person=1	_	_	_	@mva1988f-words#@mva1988f#3911.473#3911.84				
229	íå	íå	PART	_	_	_	_	_	@mva1988f-words#@mva1988f#3911.84#3912.207				
230	óñòðàèâàëà	óñòðàèâàòü	VERB	_	Aspect=Imp|Gender=Fem|Mood=Ind|Number=Sing|Tense=Past|VerbForm=Fin|Voice=Act	_	_	_	@mva1988f-words#@mva1988f#3912.207#3912.582				
231	íàñ	ìû	PRON	_	Case=Acc|Number=Plur|Person=1	_	_	_	@mva1988f-words#@mva1988f#3913.258#3913.581				
232	òîøíèëî	òîøíèòü	VERB	_	Aspect=Imp|Gender=Neut|Mood=Ind|Number=Sing|Tense=Past|VerbForm=Fin|Voice=Act	_	_	_	@mva1988f-words#@mva1988f#3913.581#3913.904				
233	îò	îò	ADP	_	_	_	_	_	@mva1988f-words#@mva1988f#3913.904#3914.227				
234	ëæè	‹Ž†œ	NOUN	_	Animacy=Inan|Case=Gen|Gender=Fem|Number=Sing	_	_	_	@mva1988f-words#@mva1988f#3914.227#3914.553				
235	îò	îò	ADP	_	_	_	_	_	@mva1988f-words#@mva1988f#3915.023#3915.552				
236	íåñìåíßåìîé	íåñìåíßåìûé	ADJ	_	Case=Gen|Degree=Pos|Gender=Fem|Number=Sing	_	_	_	@mva1988f-words#@mva1988f#3915.552#3916.081				
237	êàðòèíêè	êàðòèíêà	NOUN	_	Animacy=Inan|Case=Gen|Gender=Fem|Number=Sing	_	_	_	@mva1988f-words#@mva1988f#3916.081#3916.61				
238	â	â	ADP	_	_	_	_	_	@mva1988f-words#@mva1988f#3916.61#3917.139				
239	òåëåâèçîðå	òåëåâèçîð	NOUN	_	Animacy=Inan|Case=Loc|Gender=Masc|Number=Sing	_	_	_	@mva1988f-words#@mva1988f#3917.139#3917.67				
240	áåñêîíå÷íîãî	áåñêîíå÷íûé	ADJ	_	Case=Gen|Degree=Pos|Gender=Masc|Number=Sing	_	_	_	@mva1988f-words#@mva1988f#3917.993#3918.591				
241	ñþæåòà	ñþæåò	NOUN	_	Animacy=Inan|Case=Gen|Gender=Masc|Number=Sing	_	_	_	@mva1988f-words#@mva1988f#3918.591#3919.189				
242	ïðî	ïðî	ADP	_	_	_	_	_	@mva1988f-words#@mva1988f#3919.189#3919.787				
243	äîëãóþ	äîëãèé	ADJ	_	Case=Acc|Degree=Pos|Gender=Fem|Number=Sing	_	_	_	@mva1988f-words#@mva1988f#3919.787#3920.385				
244	ñ÷àñòëèâóþ	ñ÷àñòëèâûé	ADJ	_	Case=Acc|Degree=Pos|Gender=Fem|Number=Sing	_	_	_	@mva1988f-words#@mva1988f#3920.385#3920.983				
245	æèçíü	æèçíü	NOUN	_	Animacy=Inan|Case=Acc|Gender=Fem|Number=Sing	_	_	_	@mva1988f-words#@mva1988f#3920.983#3921.581				
246	çà	çà	ADP	_	_	_	_	_	@mva1988f-words#@mva1988f#3922.022#3922.4				
247	êîòîðîé	êîòîðûé	PRON	_	Case=Gen|Gender=Fem|Number=Sing	_	_	_	@mva1988f-words#@mva1988f#3922.4#3922.778				
248	â	â	ADP	_	_	_	_	_	@mva1988f-words#@mva1988f#3922.778#3923.156				
249	ðåàëüíîñòè	ðåàëüíîñòü	NOUN	_	Animacy=Inan|Case=Loc|Gender=Fem|Number=Sing	_	_	_	@mva1988f-words#@mva1988f#3923.156#3923.534				
250	íå	íå	PART	_	_	_	_	_	@mva1988f-words#@mva1988f#3923.534#3923.912				
251	áûëî	áûòü	VERB	_	Aspect=Imp|Gender=Neut|Mood=Ind|Number=Sing|Tense=Past|VerbForm=Fin|Voice=Act	_	_	_	@mva1988f-words#@mva1988f#3923.912#3924.29				
252	íè÷åãî	íè÷òî	PRON	_	Case=Gen	_	_	_	@mva1988f-words#@mva1988f#3924.29#3924.669				
253	íó	íó	PART	_	_	_	_	_	@mva1988f-words#@mva1988f#3925.053#3925.582				
254	ñóùåñòâóåò	ñóùåñòâîâàòü	VERB	_	Aspect=Imp|Mood=Ind|Number=Sing|Person=3|Tense=Pres|VerbForm=Fin|Voice=Act	_	_	_	@mva1988f-words#@mva1988f#3925.582#3926.111				
255	íàâåðíîå	íàâåðíîå	ADV	_	Degree=Pos	_	_	_	@mva1988f-words#@mva1988f#3926.111#3926.64				
256	íåêîòîðûé	íåêîòîðûé	DET	_	Case=Acc|Gender=Masc|Number=Sing	_	_	_	@mva1988f-words#@mva1988f#3926.64#3927.169				
257	îòïå÷àòîê	îòïå÷àòîê	NOUN	_	Animacy=Inan|Case=Acc|Gender=Masc|Number=Sing	_	_	_	@mva1988f-words#@mva1988f#3927.169#3927.7				
258	ììì	ììì	INTJ	_	_	_	_	_	@mva1988f-words#@mva1988f#3927.905#3929.199				
259	îñîáåííî	îñîáåííî	ADV	_	Degree=Pos	_	_	_	@mva1988f-words#@mva1988f#3929.199#3929.478				
260	åñëè	åñëè	SCONJ	_	_	_	_	_	@mva1988f-words#@mva1988f#3929.478#3929.757				
261	òû	òû	PRON	_	Case=Nom|Number=Sing|Person=2	_	_	_	@mva1988f-words#@mva1988f#3929.757#3930.036				
262	òàì	òàì	ADV	_	Degree=Pos	_	_	_	@mva1988f-words#@mva1988f#3930.036#3930.315				
263	íó	íó	PART	_	_	_	_	_	@mva1988f-words#@mva1988f#3930.315#3930.594				
264	òèïî	òèïî	ADV	_	Degree=Pos	_	_	_	@mva1988f-words#@mva1988f#3930.594#3930.873				
265	òîëüêî	òîëüêî	PART	_	_	_	_	_	@mva1988f-words#@mva1988f#3930.873#3931.152				
266	âûøåë	âûéòè	VERB	_	Aspect=Perf|Gender=Masc|Mood=Ind|Number=Sing|Tense=Past|VerbForm=Fin|Voice=Act	_	_	_	@mva1988f-words#@mva1988f#3931.152#3931.435				
267	âîò	âîò	PART	_	_	_	_	_	@mva1988f-words#@mva1988f#3931.67#3932.199				
268	òû	òû	PRON	_	Case=Nom|Number=Sing|Person=2	_	_	_	@mva1988f-words#@mva1988f#3932.346#3933.287				
269	îáùàåøüñß	îáùàòüñß	VERB	_	Aspect=Imp|Mood=Ind|Number=Sing|Person=2|Tense=Pres|VerbForm=Fin|Voice=Mid	_	_	_	@mva1988f-words#@mva1988f#3933.669#3934.124				
270	ñ	ñ	ADP	_	_	_	_	_	@mva1988f-words#@mva1988f#3934.124#3934.579				
271	ëþäüìè	÷åëîâåê	NOUN	_	Animacy=Anim|Case=Ins|Gender=Masc|Number=Plur	_	_	_	@mva1988f-words#@mva1988f#3934.579#3935.034				
272	èíà÷å	èíà÷å	CCONJ	_	_	_	_	_	@mva1988f-words#@mva1988f#3935.034#3935.492				
273	íó	íó	PART	_	_	_	_	_	@mva1988f-words#@mva1988f#3936.051#3936.242				
274	òî	òî	PRON	_	Animacy=Inan|Case=Nom|Gender=Neut|Number=Sing	_	_	_	@mva1988f-words#@mva1988f#3936.242#3936.433				
275	åñòü	áûòü	VERB	_	Aspect=Imp|Mood=Ind|Number=Sing|Person=3|Tense=Pres|VerbForm=Fin|Voice=Act	_	_	_	@mva1988f-words#@mva1988f#3936.433#3936.624				
276	ß	ß	PRON	_	Case=Nom|Number=Sing|Person=1	_	_	_	@mva1988f-words#@mva1988f#3936.624#3936.815				
277	ñåáß	ñåáß	PRON	_	Case=Acc	_	_	_	@mva1988f-words#@mva1988f#3936.815#3937.006				
278	íà	íà	ADP	_	_	_	_	_	@mva1988f-words#@mva1988f#3937.006#3937.197				
279	ýòîì	ýòî	PRON	_	Animacy=Inan|Case=Loc|Gender=Neut|Number=Sing	_	_	_	@mva1988f-words#@mva1988f#3937.197#3937.388				
280	ëîâèëà	ëîâèòü	VERB	_	Aspect=Imp|Gender=Fem|Mood=Ind|Number=Sing|Tense=Past|VerbForm=Fin|Voice=Act	_	_	_	@mva1988f-words#@mva1988f#3937.388#3937.58				
281	åñëè	åñëè	SCONJ	_	_	_	_	_	@mva1988f-words#@mva1988f#3940.256#3940.691				
282	òåáå	òû	PRON	_	Case=Dat|Number=Sing|Person=2	_	_	_	@mva1988f-words#@mva1988f#3940.691#3941.126				
283	êòî-òî	êòî-òî	PRON	_	Case=Nom	_	_	_	@mva1988f-words#@mva1988f#3941.126#3941.561				
284	÷òî-òî	÷òî-òî	PRON	_	Case=Acc	_	_	_	@mva1988f-words#@mva1988f#3941.561#3941.996				
285	ãîâîðèò	ãîâîðèòü	VERB	_	Aspect=Imp|Mood=Ind|Number=Sing|Person=3|Tense=Pres|VerbForm=Fin|Voice=Act	_	_	_	@mva1988f-words#@mva1988f#3941.996#3942.433				
286	è	è	CCONJ	_	_	_	_	_	@mva1988f-words#@mva1988f#3942.697#3943.256				
287	äàæå	äàæå	PART	_	_	_	_	_	@mva1988f-words#@mva1988f#3943.256#3943.815				
288	õîðîøåå	õîðîøèé	ADJ	_	Case=Nom|Degree=Pos|Gender=Neut|Number=Sing	_	_	_	@mva1988f-words#@mva1988f#3944.315#3945.256				
289	òû	òû	PRON	_	Case=Nom|Number=Sing|Person=2	_	_	_	@mva1988f-words#@mva1988f#3945.314#3945.873				
290	íà÷èíàåøü	íà÷èíàòü	VERB	_	Aspect=Imp|Mood=Ind|Number=Sing|Person=2|Tense=Pres|VerbForm=Fin|Voice=Act	_	_	_	@mva1988f-words#@mva1988f#3945.873#3946.432				
291	ïåðâûé	ïåðâûé	ADJ	_	Animacy=Inan|Case=Acc|Degree=Pos|Gender=Masc|Number=Sing	_	_	_	@mva1988f-words#@mva1988f#3947.226#3947.422				
292	âîïðîñ	âîïðîñ	NOUN	_	Animacy=Inan|Case=Acc|Gender=Masc|Number=Sing	_	_	_	@mva1988f-words#@mva1988f#3947.422#3947.618				
293	êîòîðûé	êîòîðûé	PRON	_	Case=Acc	_	_	_	@mva1988f-words#@mva1988f#3947.618#3947.814				
294	òû	òû	PRON	_	Case=Nom|Number=Sing|Person=2	_	_	_	@mva1988f-words#@mva1988f#3947.814#3948.01				
295	ñåáå	ñåáß	PRON	_	Case=Dat	_	_	_	@mva1988f-words#@mva1988f#3948.01#3948.206				
296	çàäàÞøü	çàäàâàòü	VERB	_	Aspect=Imp|Mood=Ind|Number=Sing|Person=2|Tense=Pres|VerbForm=Fin|Voice=Act	_	_	_	@mva1988f-words#@mva1988f#3948.206#3948.402				
297	ýòî	ýòî	PRON	_	Animacy=Inan|Case=Acc|Gender=Neut|Number=Sing	_	_	_	@mva1988f-words#@mva1988f#3948.402#3948.598				
298	âîîáùå	âîîáùå	ADV	_	Degree=Pos	_	_	_	@mva1988f-words#@mva1988f#3948.598#3948.794				
299	çà÷åì	çà÷åì	ADV	_	Degree=Pos	_	_	_	@mva1988f-words#@mva1988f#3948.794#3948.99				
300	ýòî	ýòî	PRON	_	Animacy=Inan|Case=Acc|Gender=Neut|Number=Sing	_	_	_	@mva1988f-words#@mva1988f#3948.99#3949.186				
301	îí	îí	PRON	_	Case=Nom|Gender=Masc|Number=Sing|Person=3	_	_	_	@mva1988f-words#@mva1988f#3949.186#3949.382				
302	ñêàçàë	ñêàçàòü	VERB	_	Aspect=Perf|Gender=Masc|Mood=Ind|Number=Sing|Tense=Past|VerbForm=Fin|Voice=Act	_	_	_	@mva1988f-words#@mva1988f#3949.382#3949.579				
303	íó	íó	PART	_	_	_	_	_	@mva1988f-words#@mva1988f#3951.343#3951.607				
304	òî	òî	PRON	_	Animacy=Inan|Case=Nom|Gender=Neut|Number=Sing	_	_	_	@mva1988f-words#@mva1988f#3951.607#3951.871				
305	åñòü	áûòü	VERB	_	Aspect=Imp|Mood=Ind|Number=Sing|Person=3|Tense=Pres|VerbForm=Fin|Voice=Act	_	_	_	@mva1988f-words#@mva1988f#3951.871#3952.135				
306	åìó	îí	PRON	_	Case=Dat|Gender=Masc|Number=Sing|Person=3	_	_	_	@mva1988f-words#@mva1988f#3952.135#3952.399				
307	âîîáùå	âîîáùå	ADV	_	Degree=Pos	_	_	_	@mva1988f-words#@mva1988f#3952.399#3952.663				
308	òî	òî	PRON	_	Animacy=Inan|Case=Nom|Gender=Neut|Number=Sing	_	_	_	@mva1988f-words#@mva1988f#3952.663#3952.927				
309	åñòü	áûòü	VERB	_	Aspect=Imp|Mood=Ind|Number=Sing|Person=3|Tense=Pres|VerbForm=Fin|Voice=Act	_	_	_	@mva1988f-words#@mva1988f#3952.927#3953.191				
310	÷åãî	÷òî	PRON	_	Case=Gen	_	_	_	@mva1988f-words#@mva1988f#3953.191#3953.455				
311	îí	îí	PRON	_	Case=Nom|Gender=Masc|Number=Sing|Person=3	_	_	_	@mva1988f-words#@mva1988f#3953.455#3953.719				
312	âîîáùå	âîîáùå	ADV	_	Degree=Pos	_	_	_	@mva1988f-words#@mva1988f#3953.719#3953.983				
313	õî÷åò-òî	õîòåòü-òî	VERB	_	Aspect=Imp|Mood=Ind|Number=Sing|Person=3|Tense=Pres|VerbForm=Fin|Voice=Act	_	_	_	@mva1988f-words#@mva1988f#3953.983#3954.247				
314	íà	íà	ADP	_	_	_	_	_	@mva1988f-words#@mva1988f#3954.247#3954.511				
315	ñàìîì	ñàìûé	ADJ	_	Case=Loc|Degree=Pos|Gender=Neut|Number=Sing	_	_	_	@mva1988f-words#@mva1988f#3954.511#3954.775				
316	äåëå	äåëî	NOUN	_	Animacy=Inan|Case=Loc|Gender=Neut|Number=Sing	_	_	_	@mva1988f-words#@mva1988f#3954.775#3955.049				
317	ïîòîìó	ïîòîìó	ADV	_	Degree=Pos	_	_	_	@mva1988f-words#@mva1988f#3955.373#3955.831				
318	÷òî	÷òî	SCONJ	_	_	_	_	_	@mva1988f-words#@mva1988f#3955.831#3956.289				
319	ëèöåìåðèß	ëèöåìåðèå	NOUN	_	Animacy=Inan|Case=Acc|Gender=Neut|Number=Sing	_	_	_	@mva1988f-words#@mva1988f#3956.289#3956.747				
320	î÷åíü	î÷åíü	ADV	_	Degree=Pos	_	_	_	@mva1988f-words#@mva1988f#3956.747#3957.205				
321	ìíîãî	ìíîãî	ADV	_	Degree=Pos	_	_	_	@mva1988f-words#@mva1988f#3957.205#3957.667				
322	íó	íó	PART	_	_	_	_	_	@mva1988f-words#@mva1988f#3958.432#3958.865				
323	òî	òî	PRON	_	Animacy=Inan|Case=Nom|Gender=Neut|Number=Sing	_	_	_	@mva1988f-words#@mva1988f#3958.865#3959.298				
324	åñòü	áûòü	VERB	_	Aspect=Imp|Mood=Ind|Number=Sing|Person=3|Tense=Pres|VerbForm=Fin|Voice=Act	_	_	_	@mva1988f-words#@mva1988f#3959.298#3959.731				
325	îíî	îíî	PRON	_	Case=Nom|Gender=Neut|Number=Sing|Person=3	_	_	_	@mva1988f-words#@mva1988f#3959.731#3960.164				
326	ïðîñòî	ïðîñòî	PART	_	_	_	_	_	@mva1988f-words#@mva1988f#3960.164#3960.597				
327	ïðîíèçûâàåò	ïðîíèçûâàòü	VERB	_	Aspect=Imp|Mood=Ind|Number=Sing|Person=3|Tense=Pres|VerbForm=Fin|Voice=Act	_	_	_	@mva1988f-words#@mva1988f#3960.597#3961.03				
328	âñÞ	âåñü	DET	_	Case=Acc|Gender=Neut|Number=Sing	_	_	_	@mva1988f-words#@mva1988f#3961.03#3961.463				
329	îáùåíèå	îáùåíèå	NOUN	_	Animacy=Inan|Case=Acc|Gender=Neut|Number=Sing	_	_	_	@mva1988f-words#@mva1988f#3961.463#3961.902				
330	ààà	ààà	INTJ	_	_	_	_	_	@mva1988f-words#@mva1988f#3962.344#3963.108				
331	æåíñêîé	æåíñêèé	ADJ	_	Case=Gen|Degree=Pos|Gender=Fem|Number=Sing	_	_	_	@mva1988f-words#@mva1988f#3963.255#3963.843				
332	èñïðàâèòåëüíîé	èñïðàâèòåëüíûé	ADJ	_	Case=Gen|Degree=Pos|Gender=Fem|Number=Sing	_	_	_	@mva1988f-words#@mva1988f#3963.843#3964.431				
333	êîëîíèè	êîëîíèß	NOUN	_	Animacy=Inan|Case=Gen|Gender=Fem|Number=Sing	_	_	_	@mva1988f-words#@mva1988f#3964.431#3965.02				
334	à	à	CCONJ	_	_	_	_	_	@mva1988f-words#@mva1988f#3968.549#3968.794				
335	ß	ß	PRON	_	Case=Nom|Number=Sing|Person=1	_	_	_	@mva1988f-words#@mva1988f#3968.794#3969.039				
336	íå	íå	PART	_	_	_	_	_	@mva1988f-words#@mva1988f#3969.039#3969.284				
337	ïåðåøàãèâàëà	ïåðåøàãèâàòü	VERB	_	Aspect=Imp|Gender=Fem|Mood=Ind|Number=Sing|Tense=Past|VerbForm=Fin|Voice=Act	_	_	_	@mva1988f-words#@mva1988f#3969.284#3969.529				
338	íèêàêîé	íèêàêîé	DET	_	Case=Acc|Gender=Masc|Number=Sing	_	_	_	@mva1988f-words#@mva1988f#3969.529#3969.774				
339	ïîðîã	ïîðîã	NOUN	_	Animacy=Inan|Case=Acc|Gender=Masc|Number=Sing	_	_	_	@mva1988f-words#@mva1988f#3969.774#3970.019				
340	â	â	ADP	_	_	_	_	_	@mva1988f-words#@mva1988f#3970.402#3970.622				
341	òîì-òî	òîì-òî	DET	_	Case=Loc|Gender=Masc|Number=Sing	_	_	_	@mva1988f-words#@mva1988f#3970.622#3970.842				
342	è	è	PART	_	_	_	_	_	@mva1988f-words#@mva1988f#3970.842#3971.062				
343	äåëî	äåëî	NOUN	_	Animacy=Inan|Case=Nom|Gender=Neut|Number=Sing	_	_	_	@mva1988f-words#@mva1988f#3971.062#3971.284				
344	ñî	ñ	ADP	_	_	_	_	_	@mva1988f-words#@mva1988f#3971.519#3971.743				
345	ìíîé	ß	PRON	_	Case=Ins|Number=Sing|Person=1	_	_	_	@mva1988f-words#@mva1988f#3971.743#3971.967				
346	ñìîòðè	ñìîòðåòü	VERB	_	Aspect=Imp|Mood=Imp|Number=Sing|Person=2|VerbForm=Fin|Voice=Act	_	_	_	@mva1988f-words#@mva1988f#3971.967#3972.191				
347	ñî	ñ	ADP	_	_	_	_	_	@mva1988f-words#@mva1988f#3972.191#3972.415				
348	ìíîé	ß	PRON	_	Case=Ins|Number=Sing|Person=1	_	_	_	@mva1988f-words#@mva1988f#3972.415#3972.639				
349	ïðîèçîøëà	ïðîèçîéòè	VERB	_	Aspect=Perf|Gender=Fem|Mood=Ind|Number=Sing|Tense=Past|VerbForm=Fin|Voice=Act	_	_	_	@mva1988f-words#@mva1988f#3972.639#3972.863				
350	î÷åíü	î÷åíü	ADV	_	Degree=Pos	_	_	_	@mva1988f-words#@mva1988f#3972.863#3973.087				
351	ñìåøíàß	ñìåøíîé	ADJ	_	Case=Nom|Degree=Pos|Gender=Fem|Number=Sing	_	_	_	@mva1988f-words#@mva1988f#3973.087#3973.311				
352	èñòîðèß	èñòîðèß	NOUN	_	Animacy=Inan|Case=Nom|Gender=Fem|Number=Sing	_	_	_	@mva1988f-words#@mva1988f#3973.311#3973.535				
353	òî	òî	PRON	_	Animacy=Inan|Case=Nom|Gender=Neut|Number=Sing	_	_	_	@mva1988f-words#@mva1988f#3973.535#3973.759				
354	åñòü	áûòü	VERB	_	Aspect=Imp|Mood=Ind|Number=Sing|Person=3|Tense=Pres|VerbForm=Fin|Voice=Act	_	_	_	@mva1988f-words#@mva1988f#3973.759#3973.99				
355	óòèí	óòèí	PROPN	_	Animacy=Anim|Case=Nom|Gender=Masc|Number=Sing	_	_	_	@mva1988f-words#@mva1988f#3974.931#3975.283				
356	ïîäïèñàë	ïîäïèñàòü	VERB	_	Aspect=Perf|Gender=Masc|Mood=Ind|Number=Sing|Tense=Past|VerbForm=Fin|Voice=Act	_	_	_	@mva1988f-words#@mva1988f#3975.283#3975.635				
357	çàêîí	çàêîí	NOUN	_	Animacy=Inan|Case=Acc|Gender=Masc|Number=Sing	_	_	_	@mva1988f-words#@mva1988f#3975.635#3975.987				
358	îá	î	ADP	_	_	_	_	_	@mva1988f-words#@mva1988f#3975.987#3976.339				
359	àìíèñòèè	àìíèñòèß	NOUN	_	Animacy=Inan|Case=Loc|Gender=Fem|Number=Sing	_	_	_	@mva1988f-words#@mva1988f#3976.339#3976.695				
360	ß	ß	PRON	_	Case=Nom|Number=Sing|Person=1	_	_	_	@mva1988f-words#@mva1988f#3977.225#3977.493				
361	íå	íå	PART	_	_	_	_	_	@mva1988f-words#@mva1988f#3977.493#3977.761				
362	õîòåëà	õîòåòü	VERB	_	Aspect=Imp|Gender=Fem|Mood=Ind|Number=Sing|Tense=Past|VerbForm=Fin|Voice=Act	_	_	_	@mva1988f-words#@mva1988f#3977.761#3978.029				
363	âûõîäèòü	âûõîäèòü	VERB	_	Aspect=Imp|VerbForm=Inf|Voice=Act	_	_	_	@mva1988f-words#@mva1988f#3978.029#3978.297				
364	ïî	ïî	ADP	_	_	_	_	_	@mva1988f-words#@mva1988f#3978.297#3978.565				
365	ýòîé	ýòîò	DET	_	Case=Dat|Gender=Fem|Number=Sing	_	_	_	@mva1988f-words#@mva1988f#3978.565#3978.833				
366	àìíèñòèè	àìíèñòèß	NOUN	_	Animacy=Inan|Case=Dat|Gender=Fem|Number=Sing	_	_	_	@mva1988f-words#@mva1988f#3978.833#3979.107				
367	ïîýòîìó	ïîýòîìó	ADV	_	Degree=Pos	_	_	_	@mva1988f-words#@mva1988f#3979.401#3980.343				
368	ó	ó	ADP	_	_	_	_	_	@mva1988f-words#@mva1988f#3980.46#3980.778				
369	íàñ	ìû	PRON	_	Case=Gen|Number=Plur|Person=1	_	_	_	@mva1988f-words#@mva1988f#3980.778#3981.096				
370	ñóùåñòâîâàëè	ñóùåñòâîâàòü	VERB	_	Aspect=Imp|Mood=Ind|Number=Plur|Tense=Past|VerbForm=Fin|Voice=Act	_	_	_	@mva1988f-words#@mva1988f#3981.096#3981.414				
371	òàêèå	òàêîé	DET	_	Case=Nom|Number=Plur	_	_	_	@mva1988f-words#@mva1988f#3981.414#3981.732				
372	áåãà	áåã	NOUN	_	Animacy=Inan|Case=Nom|Gender=Masc|Number=Plur	_	_	_	@mva1988f-words#@mva1988f#3981.732#3982.05				
373	êàê	êàê	ADV	_	Degree=Pos	_	_	_	@mva1988f-words#@mva1988f#3982.05#3982.368				
374	áû	áû	PART	_	_	_	_	_	@mva1988f-words#@mva1988f#3982.368#3982.686				
375	ìåíß	ß	PRON	_	Case=Acc|Number=Sing|Person=1	_	_	_	@mva1988f-words#@mva1988f#3982.686#3983.004				
376	îò	îò	ADP	_	_	_	_	_	@mva1988f-words#@mva1988f#3983.004#3983.322				
377	ñîòðóäíèêîâ	ñîòðóäíèê	NOUN	_	Animacy=Anim|Case=Gen|Gender=Masc|Number=Plur	_	_	_	@mva1988f-words#@mva1988f#3983.322#3983.64				
378	êîòîðûå	êîòîðûé	PRON	_	Case=Acc|Number=Plur	_	_	_	@mva1988f-words#@mva1988f#3983.64#3983.958				
379	ïûòàëèñü	ïûòàòüñß	VERB	_	Aspect=Imp|Mood=Ind|Number=Plur|Tense=Past|VerbForm=Fin|Voice=Mid	_	_	_	@mva1988f-words#@mva1988f#3983.958#3984.276				
380	ñäåëàòü	ñäåëàòü	VERB	_	Aspect=Perf|VerbForm=Inf|Voice=Act	_	_	_	@mva1988f-words#@mva1988f#3984.276#3984.594				
381	òàê	òàê	ADV	_	Degree=Pos	_	_	_	@mva1988f-words#@mva1988f#3984.594#3984.912				
382	÷òîáû	÷òîáû	SCONJ	_	Mood=Cnd	_	_	_	@mva1988f-words#@mva1988f#3984.912#3985.23				
383	ß	ß	PRON	_	Case=Nom|Number=Sing|Person=1	_	_	_	@mva1988f-words#@mva1988f#3985.23#3985.548				
384	ïîñòàâèëà	ïîñòàâèòü	VERB	_	Aspect=Perf|Gender=Fem|Mood=Ind|Number=Sing|Tense=Past|VerbForm=Fin|Voice=Act	_	_	_	@mva1988f-words#@mva1988f#3985.548#3985.866				
385	ýòó	ýòîò	DET	_	Case=Acc|Gender=Fem|Number=Sing	_	_	_	@mva1988f-words#@mva1988f#3985.866#3986.184				
386	ïîäïèñü	ïîäïèñü	NOUN	_	Animacy=Inan|Case=Acc|Gender=Fem|Number=Sing	_	_	_	@mva1988f-words#@mva1988f#3986.184#3986.519				
387	ß	ß	PRON	_	Case=Nom|Number=Sing|Person=1	_	_	_	@mva1988f-words#@mva1988f#3986.96#3987.312				
388	åÞ	îíà	PRON	_	Case=Gen|Gender=Fem|Number=Sing|Person=3	_	_	_	@mva1988f-words#@mva1988f#3987.312#3987.664				
389	íå	íå	PART	_	_	_	_	_	@mva1988f-words#@mva1988f#3987.664#3988.016				
390	ñòàâèëà	ñòàâèòü	VERB	_	Aspect=Imp|Gender=Fem|Mood=Ind|Number=Sing|Tense=Past|VerbForm=Fin|Voice=Act	_	_	_	@mva1988f-words#@mva1988f#3988.016#3988.368				
391	ß	ß	PRON	_	Case=Nom|Number=Sing|Person=1	_	_	_	@mva1988f-words#@mva1988f#3988.368#3988.724				
392	êàê	êàê	SCONJ	_	_	_	_	_	@mva1988f-words#@mva1988f#3988.901#3989.188				
393	òîëüêî	òîëüêî	PART	_	_	_	_	_	@mva1988f-words#@mva1988f#3989.188#3989.475				
394	ß	ß	PRON	_	Case=Nom|Number=Sing|Person=1	_	_	_	@mva1988f-words#@mva1988f#3989.475#3989.762				
395	ïîíèìàëà	ïîíèìàòü	VERB	_	Aspect=Imp|Gender=Fem|Mood=Ind|Number=Sing|Tense=Past|VerbForm=Fin|Voice=Act	_	_	_	@mva1988f-words#@mva1988f#3989.762#3990.049				
396	÷òî	÷òî	SCONJ	_	_	_	_	_	@mva1988f-words#@mva1988f#3990.049#3990.336				
397	îíè	îíè	PRON	_	Case=Nom|Number=Plur|Person=3	_	_	_	@mva1988f-words#@mva1988f#3990.336#3990.623				
398	ñåé÷àñ	ñåé÷àñ	ADV	_	Degree=Pos	_	_	_	@mva1988f-words#@mva1988f#3990.623#3990.91				
399	ïðèäóò	ïðèéòè	VERB	_	Aspect=Perf|Mood=Ind|Number=Plur|Person=3|Tense=Fut|VerbForm=Fin|Voice=Act	_	_	_	@mva1988f-words#@mva1988f#3990.91#3991.197				
400	è	è	CCONJ	_	_	_	_	_	@mva1988f-words#@mva1988f#3991.197#3991.484				
401	ïðèíåñóò	ïðèíåñòè	VERB	_	Aspect=Perf|Mood=Ind|Number=Plur|Person=3|Tense=Fut|VerbForm=Fin|Voice=Act	_	_	_	@mva1988f-words#@mva1988f#3991.484#3991.771				
402	áóìàãè	áóìàãà	NOUN	_	Animacy=Inan|Case=Acc|Gender=Fem|Number=Plur	_	_	_	@mva1988f-words#@mva1988f#3991.771#3992.058				
403	ß	ß	PRON	_	Case=Nom|Number=Sing|Person=1	_	_	_	@mva1988f-words#@mva1988f#3992.058#3992.345				
404	îêàçûâàëàñü	îêàçûâàòüñß	VERB	_	Aspect=Imp|Gender=Fem|Mood=Ind|Number=Sing|Tense=Past|VerbForm=Fin|Voice=Mid	_	_	_	@mva1988f-words#@mva1988f#3992.345#3992.632				
405	â	â	ADP	_	_	_	_	_	@mva1988f-words#@mva1988f#3992.632#3992.919				
406	êàêîì-íèáóäü	êàêîé-íèáóäü	DET	_	Case=Loc|Gender=Neut|Number=Sing	_	_	_	@mva1988f-words#@mva1988f#3992.919#3993.206				
407	äðóãîì	äðóãîé	ADJ	_	Case=Loc|Degree=Pos|Gender=Neut|Number=Sing	_	_	_	@mva1988f-words#@mva1988f#3993.206#3993.493				
408	ìåñòå	ìåñòî	NOUN	_	Animacy=Inan|Case=Loc|Gender=Neut|Number=Sing	_	_	_	@mva1988f-words#@mva1988f#3993.493#3993.783				
409	ß	ß	PRON	_	Case=Nom|Number=Sing|Person=1	_	_	_	@mva1988f-words#@mva1988f#3997.519#3997.86				
410	ïðîñòî	ïðîñòî	PART	_	_	_	_	_	@mva1988f-words#@mva1988f#3997.86#3998.201				
411	íå	íå	PART	_	_	_	_	_	@mva1988f-words#@mva1988f#3998.201#3998.542				
412	ñ÷èòàþ	ñ÷èòàòü	VERB	_	Aspect=Imp|Mood=Ind|Number=Sing|Person=1|Tense=Pres|VerbForm=Fin|Voice=Act	_	_	_	@mva1988f-words#@mva1988f#3998.542#3998.883				
413	÷òî	÷òî	SCONJ	_	_	_	_	_	@mva1988f-words#@mva1988f#3998.883#3999.225				
414	çà	çà	ADP	_	_	_	_	_	@mva1988f-words#@mva1988f#4000.137#4000.47				
415	äâà	äâà	NUM	_	Animacy=Inan|Case=Acc|Gender=Masc	_	_	_	@mva1988f-words#@mva1988f#4000.47#4000.803				
416	ìåñßöà	ìåñßö	NOUN	_	Animacy=Inan|Case=Gen|Gender=Masc|Number=Plur	_	_	_	@mva1988f-words#@mva1988f#4000.803#4001.136				
417	äî	äî	ADP	_	_	_	_	_	@mva1988f-words#@mva1988f#4001.136#4001.469				
418	êîíöà	êîíåö	NOUN	_	Animacy=Inan|Case=Gen|Gender=Masc|Number=Sing	_	_	_	@mva1988f-words#@mva1988f#4001.469#4001.802				
419	ñðîêà	ñðîê	NOUN	_	Animacy=Inan|Case=Gen|Gender=Masc|Number=Sing	_	_	_	@mva1988f-words#@mva1988f#4001.802#4002.137				
420	ñ	ñ	ADP	_	_	_	_	_	@mva1988f-words#@mva1988f#4002.608#4003.083				
421	ïîìïîé	ïîìïà	NOUN	_	Animacy=Inan|Case=Ins|Gender=Fem|Number=Sing	_	_	_	@mva1988f-words#@mva1988f#4003.083#4003.558				
422	ïåðåä	ïåðåä	ADP	_	_	_	_	_	@mva1988f-words#@mva1988f#4003.558#4004.033				
423	îëèìïèéñêèìè	îëèìïèéñêèé	ADJ	_	Case=Ins|Degree=Pos|Number=Plur	_	_	_	@mva1988f-words#@mva1988f#4004.033#4004.508				
424	èãðàìè	èãðà	NOUN	_	Animacy=Inan|Case=Ins|Gender=Fem|Number=Plur	_	_	_	@mva1988f-words#@mva1988f#4004.508#4004.983				
425	è	è	CCONJ	_	_	_	_	_	@mva1988f-words#@mva1988f#4004.983#4005.458				
426	ïîïûòêàìè	ïîïûòêà	NOUN	_	Animacy=Inan|Case=Ins|Gender=Fem|Number=Plur	_	_	_	@mva1988f-words#@mva1988f#4005.458#4005.933				
427	ñîõðàíèòü	ñîõðàíèòü	VERB	_	Aspect=Perf|VerbForm=Inf|Voice=Act	_	_	_	@mva1988f-words#@mva1988f#4005.933#4006.408				
428	ñâîÞ	ñâîé	DET	_	Case=Acc|Gender=Neut|Number=Sing	_	_	_	@mva1988f-words#@mva1988f#4006.408#4006.883				
429	ëèöî	ëèöî	NOUN	_	Animacy=Inan|Case=Acc|Gender=Neut|Number=Sing	_	_	_	@mva1988f-words#@mva1988f#4006.883#4007.358				
430	ïåðåä	ïåðåä	ADP	_	_	_	_	_	@mva1988f-words#@mva1988f#4007.358#4007.833				
431	‡àïàäîì	‡àïàä	PROPN	_	Animacy=Inan|Case=Ins|Gender=Masc|Number=Sing	_	_	_	@mva1988f-words#@mva1988f#4007.833#4008.314				
432	àìì	àìì	INTJ	_	_	_	_	_	@mva1988f-words#@mva1988f#4008.814#4009.638				
433	ìîæíî	ìîæíî	ADV	_	Degree=Pos	_	_	_	@mva1988f-words#@mva1988f#4010.108#4010.932				
434	òàì	òàì	ADV	_	Degree=Pos	_	_	_	@mva1988f-words#@mva1988f#4011.344#4011.785				
435	ïèñàòü	ïèñàòü	VERB	_	Aspect=Imp|VerbForm=Inf|Voice=Act	_	_	_	@mva1988f-words#@mva1988f#4011.785#4012.226				
436	êàêóþ-òî	êàêîé-òî	DET	_	Case=Acc|Gender=Fem|Number=Sing	_	_	_	@mva1988f-words#@mva1988f#4012.226#4012.667				
437	àìíèñòèþ	àìíèñòèß	NOUN	_	Animacy=Inan|Case=Acc|Gender=Fem|Number=Sing	_	_	_	@mva1988f-words#@mva1988f#4012.667#4013.108				
438	àìíèñòèß	àìíèñòèß	NOUN	_	Animacy=Inan|Case=Nom|Gender=Fem|Number=Sing	_	_	_	@mva1988f-words#@mva1988f#4013.403#4013.922				
439	áëèí	áëèí	INTJ	_	_	_	_	_	@mva1988f-words#@mva1988f#4013.922#4014.441				
440	äëß	äëß	ADP	_	_	_	_	_	@mva1988f-words#@mva1988f#4014.441#4014.96				
441	æåíùèí-çàêëþ÷Þííûõ	æåíùèí-çàêëþ÷Þííûé	ADJ	_	Case=Gen|Degree=Pos|Number=Plur	_	_	_	@mva1988f-words#@mva1988f#4014.96#4015.479				
442	ñ	ñ	ADP	_	_	_	_	_	@mva1988f-words#@mva1988f#4015.479#4015.998				
443	äåòüìè	ðåáåíîê	NOUN	_	Animacy=Anim|Case=Ins|Gender=Masc|Number=Plur	_	_	_	@mva1988f-words#@mva1988f#4015.998#4016.52				
444	æåíùèí-çàêëþ÷Þííûõ	æåíùèí-çàêëþ÷Þííûé	ADJ	_	Case=Gen|Degree=Pos|Number=Plur	_	_	_	@mva1988f-words#@mva1988f#4017.196#4017.696				
445	ïî	ïî	ADP	_	_	_	_	_	@mva1988f-words#@mva1988f#4017.696#4018.196				
446	âñåé	âåñü	DET	_	Case=Dat|Gender=Fem|Number=Sing	_	_	_	@mva1988f-words#@mva1988f#4018.196#4018.696				
447	îññèè	îññèß	PROPN	_	Animacy=Inan|Case=Loc|Gender=Fem|Number=Sing	_	_	_	@mva1988f-words#@mva1988f#4018.696#4019.196				
448	ñèäßò	ñèäåòü	VERB	_	Aspect=Imp|Mood=Ind|Number=Plur|Person=3|Tense=Pres|VerbForm=Fin|Voice=Act	_	_	_	@mva1988f-words#@mva1988f#4019.196#4019.696				
449	òûñß÷è	òûñß÷à	NOUN	_	Animacy=Inan|Case=Nom|Gender=Fem|Number=Plur	_	_	_	@mva1988f-words#@mva1988f#4019.696#4020.196				
450	çíàåøü	çíàòü	VERB	_	Aspect=Imp|Mood=Ind|Number=Sing|Person=2|Tense=Pres|VerbForm=Fin|Voice=Act	_	_	_	@mva1988f-words#@mva1988f#4020.99#4021.259				
451	ñêîëüêî	ñêîëüêî	NUM	_	_	_	_	_	@mva1988f-words#@mva1988f#4021.259#4021.528				
452	âûøëî	âûéòè	VERB	_	Aspect=Perf|Gender=Neut|Mood=Ind|Number=Sing|Tense=Past|VerbForm=Fin|Voice=Act	_	_	_	@mva1988f-words#@mva1988f#4021.528#4021.797				
453	ïî	ïî	ADP	_	_	_	_	_	@mva1988f-words#@mva1988f#4021.797#4022.066				
454	ýòîé	ýòîò	DET	_	Case=Dat|Gender=Fem|Number=Sing	_	_	_	@mva1988f-words#@mva1988f#4022.066#4022.335				
455	àìíèñòèè	àìíèñòèß	NOUN	_	Animacy=Inan|Case=Dat|Gender=Fem|Number=Sing	_	_	_	@mva1988f-words#@mva1988f#4022.335#4022.604				
456	?	?	PUNCT	_	_	_	_	_	@mva1988f-words#@mva1988f#4022.604#4022.873				
457	ïßòü	ïßòü	NUM	_	Case=Nom	_	_	_	@mva1988f-words#@mva1988f#4022.99#4023.254				
458	!	!	PUNCT	_	_	_	_	_	@mva1988f-words#@mva1988f#4023.254#4023.519				
459	ïßòü	ïßòü	NUM	_	Case=Nom	_	_	_	@mva1988f-words#@mva1988f#4025.078#4025.372				
460	!	!	PUNCT	_	_	_	_	_	@mva1988f-words#@mva1988f#4025.372#4025.666				
461	äâîèì	äâîå	NUM	_	Case=Dat	_	_	_	@mva1988f-words#@mva1988f#4025.843#4026.107				
462	èç	èç	ADP	_	_	_	_	_	@mva1988f-words#@mva1988f#4026.107#4026.371				
463	êîòîðûõ	êîòîðûé	PRON	_	Case=Gen	_	_	_	@mva1988f-words#@mva1988f#4026.371#4026.635				
464	ýòî	ýòî	PRON	_	Animacy=Inan|Case=Nom|Gender=Neut|Number=Sing	_	_	_	@mva1988f-words#@mva1988f#4026.635#4026.899				
465	íàõåð	íàõåð	INTJ	_	_	_	_	_	@mva1988f-words#@mva1988f#4026.899#4027.163				
466	íå	íå	PART	_	_	_	_	_	@mva1988f-words#@mva1988f#4027.163#4027.427				
467	íå	íå	PART	_	_	_	_	_	@mva1988f-words#@mva1988f#4027.427#4027.691				
468	áûëî	áûòü	AUX	_	Aspect=Imp|Gender=Neut|Mood=Ind|Number=Sing|Tense=Past|VerbForm=Fin|Voice=Act	_	_	_	@mva1988f-words#@mva1988f#4027.691#4027.955				
469	ïðîñòèòå	ïðîñòèòü	VERB	_	Aspect=Perf|Mood=Imp|Number=Plur|Person=2|VerbForm=Fin|Voice=Act	_	_	_	@mva1988f-words#@mva1988f#4027.955#4028.219				
470	íàäî	íàäî	ADV	_	Degree=Pos	_	_	_	@mva1988f-words#@mva1988f#4028.219#4028.49				
471	äâîå	äâîå	NUM	_	Case=Nom	_	_	_	@mva1988f-words#@mva1988f#4030.078#4030.357				
472	ß	ß	PRON	_	Case=Nom|Number=Sing|Person=1	_	_	_	@mva1988f-words#@mva1988f#4030.357#4030.636				
473	è	è	CCONJ	_	_	_	_	_	@mva1988f-words#@mva1988f#4030.636#4030.915				
474	àäß	àäß	PROPN	_	Animacy=Anim|Case=Nom|Gender=Fem|Number=Sing	_	_	_	@mva1988f-words#@mva1988f#4030.915#4031.196				
475	ïîýòîìó	ïîýòîìó	ADV	_	Degree=Pos	_	_	_	@mva1988f-words#@mva1988f#4031.519#4032.461				
476	â	â	ADP	_	_	_	_	_	@mva1988f-words#@mva1988f#4032.637#4032.967				
477	êàêîé-òî	êàêîé-òî	DET	_	Case=Acc|Gender=Masc|Number=Sing	_	_	_	@mva1988f-words#@mva1988f#4032.967#4033.297				
478	ìîìåíò	ìîìåíò	NOUN	_	Animacy=Inan|Case=Acc|Gender=Masc|Number=Sing	_	_	_	@mva1988f-words#@mva1988f#4033.297#4033.627				
479	ìíå	ß	PRON	_	Case=Dat|Number=Sing|Person=1	_	_	_	@mva1988f-words#@mva1988f#4033.627#4033.957				
480	ñêàçàëè	ñêàçàòü	VERB	_	Aspect=Perf|Mood=Ind|Number=Plur|Tense=Past|VerbForm=Fin|Voice=Act	_	_	_	@mva1988f-words#@mva1988f#4033.957#4034.287				
481	÷òî	÷òî	SCONJ	_	_	_	_	_	@mva1988f-words#@mva1988f#4034.287#4034.617				
482	ïðèåõàë	ïðèåõàòü	VERB	_	Aspect=Perf|Gender=Masc|Mood=Ind|Number=Sing|Tense=Past|VerbForm=Fin|Voice=Act	_	_	_	@mva1988f-words#@mva1988f#4034.617#4034.947				
483	àäâîêàò	àäâîêàò	NOUN	_	Animacy=Inan|Case=Nom|Gender=Masc|Number=Sing	_	_	_	@mva1988f-words#@mva1988f#4034.947#4035.284				
484	ïðèâåëè	ïðèâåñòè	VERB	_	Aspect=Perf|Mood=Ind|Number=Plur|Tense=Past|VerbForm=Fin|Voice=Act	_	_	_	@mva1988f-words#@mva1988f#4035.666#4036.019				
485	â	â	ADP	_	_	_	_	_	@mva1988f-words#@mva1988f#4036.019#4036.372				
486	êîìíàòó	êîìíàòà	NOUN	_	Animacy=Inan|Case=Acc|Gender=Fem|Number=Sing	_	_	_	@mva1988f-words#@mva1988f#4036.372#4036.725				
487	à	à	CCONJ	_	_	_	_	_	@mva1988f-words#@mva1988f#4037.313#4037.548				
488	òàì	òàì	ADV	_	Degree=Pos	_	_	_	@mva1988f-words#@mva1988f#4037.548#4037.783				
489	áûëè	áûòü	AUX	_	Aspect=Imp|Mood=Ind|Number=Plur|Tense=Past|VerbForm=Fin|Voice=Act	_	_	_	@mva1988f-words#@mva1988f#4037.783#4038.018				
490	âñå	âåñü	DET	_	Case=Nom|Number=Plur	_	_	_	@mva1988f-words#@mva1988f#4038.018#4038.253				
491	ìîè	ìîé	DET	_	Case=Nom|Number=Plur	_	_	_	@mva1988f-words#@mva1988f#4038.253#4038.488				
492	âåùè	âåùü	NOUN	_	Animacy=Inan|Case=Nom|Gender=Fem|Number=Plur	_	_	_	@mva1988f-words#@mva1988f#4038.488#4038.724				
493	ïîòîì	ïîòîì	ADV	_	Degree=Pos	_	_	_	@mva1988f-words#@mva1988f#4039.988#4040.321				
494	ýòè	ýòîò	DET	_	Case=Acc|Number=Plur	_	_	_	@mva1988f-words#@mva1988f#4040.321#4040.654				
495	âåùè	âåùü	NOUN	_	Animacy=Inan|Case=Acc|Gender=Fem|Number=Plur	_	_	_	@mva1988f-words#@mva1988f#4040.654#4040.988				
496	ììì	ìì	NOUN	_	Animacy=Inan|Case=Gen|Gender=Masc|Number=Sing	_	_	_	@mva1988f-words#@mva1988f#4041.488#4042.253				
497	èç	èç	ADP	_	_	_	_	_	@mva1988f-words#@mva1988f#4042.87#4043.27				
498	ýòîé	ýòîò	DET	_	Case=Gen|Gender=Fem|Number=Sing	_	_	_	@mva1988f-words#@mva1988f#4043.27#4043.67				
499	êîìíàòû	êîìíàòà	NOUN	_	Animacy=Inan|Case=Gen|Gender=Fem|Number=Sing	_	_	_	@mva1988f-words#@mva1988f#4043.67#4044.07				
500	âûíåñëè	âûíåñòè	VERB	_	Aspect=Perf|Mood=Ind|Number=Plur|Tense=Past|VerbForm=Fin|Voice=Act	_	_	_	@mva1988f-words#@mva1988f#4044.07#4044.47				
501	ñîòðóäíèêè	ñîòðóäíèê	NOUN	_	Animacy=Anim|Case=Nom|Gender=Masc|Number=Plur	_	_	_	@mva1988f-words#@mva1988f#4044.47#4044.87				
502	è	è	CCONJ	_	_	_	_	_	@mva1988f-words#@mva1988f#4046.282#4046.85				
503	åñòü	áûòü	AUX	_	Aspect=Imp|Mood=Ind|Number=Sing|Person=3|Tense=Pres|VerbForm=Fin|Voice=Act	_	_	_	@mva1988f-words#@mva1988f#4046.85#4047.418				
504	ìåæäó	ìåæäó	ADP	_	_	_	_	_	@mva1988f-words#@mva1988f#4047.418#4047.988				
505	âîðîòàìè	âîðîòà	NOUN	_	Animacy=Inan|Case=Ins|Number=Plur	_	_	_	@mva1988f-words#@mva1988f#4048.194#4048.488				
506	â	â	ADP	_	_	_	_	_	@mva1988f-words#@mva1988f#4048.488#4048.782				
507	çîíó	çîíà	NOUN	_	Animacy=Inan|Case=Acc|Gender=Fem|Number=Sing	_	_	_	@mva1988f-words#@mva1988f#4048.782#4049.076				
508	è	è	CCONJ	_	_	_	_	_	@mva1988f-words#@mva1988f#4049.812#4050.129				
509	âîðîòàìè	âîðîòà	NOUN	_	Animacy=Inan|Case=Ins|Gender=Masc|Number=Plur	_	_	_	@mva1988f-words#@mva1988f#4050.129#4050.446				
510	íà	íà	ADP	_	_	_	_	_	@mva1988f-words#@mva1988f#4050.446#4050.763				
511	âîëþ	âîëß	NOUN	_	Animacy=Inan|Case=Acc|Gender=Fem|Number=Sing	_	_	_	@mva1988f-words#@mva1988f#4050.763#4051.08				
512	îòñåê	îòñåê	NOUN	_	Animacy=Inan|Case=Nom|Gender=Masc|Number=Sing	_	_	_	@mva1988f-words#@mva1988f#4051.08#4051.4				
513	íàçûâàåòñß	íàçûâàòüñß	VERB	_	Aspect=Imp|Mood=Ind|Number=Sing|Person=3|Tense=Pres|VerbForm=Fin|Voice=Mid	_	_	_	@mva1988f-words#@mva1988f#4051.9#4052.429				
514	øëþç	øëþç	NOUN	_	Animacy=Inan|Case=Nom|Gender=Masc|Number=Sing	_	_	_	@mva1988f-words#@mva1988f#4052.429#4052.959				
515	òàêîé	òàêîé	DET	_	Case=Nom|Gender=Masc|Number=Sing	_	_	_	@mva1988f-words#@mva1988f#4053.194#4053.488				
516	ãðßçíûé	ãðßçíûé	ADJ	_	Case=Nom|Degree=Pos|Gender=Masc|Number=Sing	_	_	_	@mva1988f-words#@mva1988f#4053.488#4053.782				
517	êâàäðàò	êâàäðàò	NOUN	_	Animacy=Inan|Case=Nom|Gender=Masc|Number=Sing	_	_	_	@mva1988f-words#@mva1988f#4053.782#4054.076				
518	ïßòü	ïßòü	NUM	_	Case=Nom	_	_	_	@mva1988f-words#@mva1988f#4054.076#4054.37				
519	íà	íà	ADP	_	_	_	_	_	@mva1988f-words#@mva1988f#4054.37#4054.664				
520	ïßòü	ïßòü	NUM	_	Case=Acc	_	_	_	@mva1988f-words#@mva1988f#4054.664#4054.959				
521	ìì	ìì	INTJ	_	_	_	_	_	@mva1988f-words#@mva1988f#4055.429#4055.958				
522	â	â	ADP	_	_	_	_	_	@mva1988f-words#@mva1988f#4056.105#4056.487				
523	êîòîðûé	êîòîðûé	PRON	_	Case=Acc|Gender=Masc|Number=Sing	_	_	_	@mva1988f-words#@mva1988f#4056.487#4056.869				
524	âúåçæàåò	âúåçæàòü	VERB	_	Aspect=Imp|Mood=Ind|Number=Sing|Person=3|Tense=Pres|VerbForm=Fin|Voice=Act	_	_	_	@mva1988f-words#@mva1988f#4056.869#4057.251				
525	àâòîçàê	àâòîçàê	NOUN	_	Animacy=Inan|Case=Nom|Gender=Masc|Number=Sing	_	_	_	@mva1988f-words#@mva1988f#4057.251#4057.634				
526	èèè	èèè	INTJ	_	_	_	_	_	@mva1988f-words#@mva1988f#4058.457#4059.457				
527	ãäå	ãäå	ADV	_	Degree=Pos	_	_	_	@mva1988f-words#@mva1988f#4060.133#4060.603				
528	ðàçãðóæàþò	ðàçãðóæàòü	VERB	_	Aspect=Imp|Mood=Ind|Number=Plur|Person=3|Tense=Pres|VerbForm=Fin|Voice=Act	_	_	_	@mva1988f-words#@mva1988f#4060.603#4061.074				
529	çàêëþ÷Þííûõ	çàêëþ÷Þííûé	NOUN	_	Animacy=Inan|Case=Acc|Number=Plur	_	_	_	@mva1988f-words#@mva1988f#4062.897#4063.78				
530	õîòß	õîòß	SCONJ	_	_	_	_	_	@mva1988f-words#@mva1988f#4064.103#4064.377				
531	ìíå	ß	PRON	_	Case=Dat|Number=Sing|Person=1	_	_	_	@mva1988f-words#@mva1988f#4064.377#4064.651				
532	è	è	PART	_	_	_	_	_	@mva1988f-words#@mva1988f#4064.651#4064.925				
533	íå	íå	PART	_	_	_	_	_	@mva1988f-words#@mva1988f#4064.925#4065.199				
534	íðàâèòñß	íðàâèòüñß	VERB	_	Aspect=Imp|Mood=Ind|Number=Sing|Person=3|Tense=Pres|VerbForm=Fin|Voice=Mid	_	_	_	@mva1988f-words#@mva1988f#4065.199#4065.473				
535	ýòî	ýòîò	DET	_	Case=Acc|Gender=Neut|Number=Sing	_	_	_	@mva1988f-words#@mva1988f#4065.473#4065.747				
536	âûðàæåíèå	âûðàæåíèå	NOUN	_	Animacy=Inan|Case=Acc|Gender=Neut|Number=Sing	_	_	_	@mva1988f-words#@mva1988f#4065.747#4066.021				
537	âîò	âîò	PART	_	_	_	_	_	@mva1988f-words#@mva1988f#4066.021#4066.295				
538	â	â	ADP	_	_	_	_	_	@mva1988f-words#@mva1988f#4066.295#4066.569				
539	ýòîì	ýòîò	DET	_	Case=Loc|Gender=Masc|Number=Sing	_	_	_	@mva1988f-words#@mva1988f#4066.569#4066.843				
540	øëþçå	øëþç	NOUN	_	Animacy=Inan|Case=Loc|Gender=Masc|Number=Sing	_	_	_	@mva1988f-words#@mva1988f#4066.843#4067.117				
541	ìåíß	ß	PRON	_	Case=Acc|Number=Sing|Person=1	_	_	_	@mva1988f-words#@mva1988f#4067.117#4067.391				
542	æäàëà	æäàòü	VERB	_	Aspect=Imp|Gender=Fem|Mood=Ind|Number=Sing|Tense=Past|VerbForm=Fin|Voice=Act	_	_	_	@mva1988f-words#@mva1988f#4067.391#4067.665				
543	÷Þðíàß	÷Þðíûé	ADJ	_	Case=Nom|Degree=Pos|Gender=Fem|Number=Sing	_	_	_	@mva1988f-words#@mva1988f#4067.665#4067.939				
544	âîëãà	âîëãà	NOUN	_	Animacy=Inan|Case=Nom|Gender=Fem|Number=Sing	_	_	_	@mva1988f-words#@mva1988f#4067.939#4068.22				
545	â	â	ADP	_	_	_	_	_	@mva1988f-words#@mva1988f#4069.455#4069.749				
546	ýòó	ýòîò	DET	_	Case=Acc|Gender=Fem|Number=Sing	_	_	_	@mva1988f-words#@mva1988f#4069.749#4070.043				
547	÷Þðíóþ	÷Þðíûé	ADJ	_	Case=Acc|Degree=Pos|Gender=Fem|Number=Sing	_	_	_	@mva1988f-words#@mva1988f#4070.043#4070.337				
548	âîëãó	âîëã	NOUN	_	Animacy=Inan|Case=Acc|Gender=Fem|Number=Sing	_	_	_	@mva1988f-words#@mva1988f#4070.337#4070.631				
549	ïîãðóçèëè	ïîãðóçèòü	VERB	_	Aspect=Perf|Mood=Ind|Number=Plur|Tense=Past|VerbForm=Fin|Voice=Act	_	_	_	@mva1988f-words#@mva1988f#4070.631#4070.925				
550	ìîè	ìîé	DET	_	Case=Acc|Number=Plur	_	_	_	@mva1988f-words#@mva1988f#4070.925#4071.219				
551	ñóìêè	ñóìêà	NOUN	_	Animacy=Inan|Case=Acc|Gender=Fem|Number=Plur	_	_	_	@mva1988f-words#@mva1988f#4071.219#4071.514				
552	ïîñàäèëè	ïîñàäèòü	VERB	_	Aspect=Perf|Mood=Ind|Number=Plur|Tense=Past|VerbForm=Fin|Voice=Act	_	_	_	@mva1988f-words#@mva1988f#4072.602#4073.072				
553	òóäà	òóäà	ADV	_	Degree=Pos	_	_	_	@mva1988f-words#@mva1988f#4073.072#4073.542				
554	ìåíß	ß	PRON	_	Case=Acc|Number=Sing|Person=1	_	_	_	@mva1988f-words#@mva1988f#4073.542#4074.013				
555	îòêðûëè	îòêðûòü	VERB	_	Aspect=Perf|Mood=Ind|Number=Plur|Tense=Past|VerbForm=Fin|Voice=Act	_	_	_	@mva1988f-words#@mva1988f#4075.248#4075.836				
556	âîðîòà	âîðîòà	NOUN	_	Animacy=Inan|Case=Acc|Gender=Neut|Number=Plur	_	_	_	@mva1988f-words#@mva1988f#4075.836#4076.425				
557	è	è	CCONJ	_	_	_	_	_	@mva1988f-words#@mva1988f#4077.777#4078.09				
558	ìû	ìû	PRON	_	Case=Nom|Number=Plur|Person=1	_	_	_	@mva1988f-words#@mva1988f#4078.09#4078.403				
559	ïîåõàëè	ïîåõàòü	VERB	_	Aspect=Perf|Mood=Ind|Number=Plur|Tense=Past|VerbForm=Fin|Voice=Act	_	_	_	@mva1988f-words#@mva1988f#4078.403#4078.718				
560	âìåñòå	âìåñòå	ADV	_	Degree=Pos	_	_	_	@mva1988f-words#@mva1988f#4078.894#4079.35				
561	ñ	ñ	ADP	_	_	_	_	_	@mva1988f-words#@mva1988f#4079.35#4079.806				
562	íà÷àëüíèêîì	íà÷àëüíèê	NOUN	_	Animacy=Anim|Case=Ins|Gender=Masc|Number=Sing	_	_	_	@mva1988f-words#@mva1988f#4079.806#4080.262				
563	îòðßäà	îòðßä	NOUN	_	Animacy=Inan|Case=Gen|Gender=Masc|Number=Sing	_	_	_	@mva1988f-words#@mva1988f#4080.262#4080.718				
564	äî	äî	ADP	_	_	_	_	_	@mva1988f-words#@mva1988f#4081.453#4082.012				
565	âîêçàëà	âîêçàë	NOUN	_	Animacy=Inan|Case=Gen|Gender=Masc|Number=Sing	_	_	_	@mva1988f-words#@mva1988f#4082.012#4082.571				
566	èæíåãî	èæíèé	ADJ	_	Case=Gen|Degree=Pos|Gender=Masc|Number=Sing	_	_	_	@mva1988f-words#@mva1988f#4083.953#4084.482				
567	îâãîðîäà	îâãîðîä	PROPN	_	Animacy=Inan|Case=Gen|Gender=Masc|Number=Sing	_	_	_	@mva1988f-words#@mva1988f#4084.482#4085.012				
568	âîò	âîò	PART	_	_	_	_	_	@mva1988f-words#@mva1988f#4086.717#4086.952				
569	êàê-òî	êàê-òî	ADV	_	Degree=Pos	_	_	_	@mva1988f-words#@mva1988f#4086.952#4087.187				
570	òàê	òàê	ADV	_	Degree=Pos	_	_	_	@mva1988f-words#@mva1988f#4087.187#4087.422				
571	ó	ó	ADP	_	_	_	_	_	@mva1988f-words#@mva1988f#4087.422#4087.657				
572	ìåíß	ß	PRON	_	Case=Gen|Number=Sing|Person=1	_	_	_	@mva1988f-words#@mva1988f#4087.657#4087.892				
573	âñÞ	âåñü	DET	_	Case=Nom|Gender=Neut|Number=Sing	_	_	_	@mva1988f-words#@mva1988f#4087.892#4088.127				
574	ýòî	ýòî	PRON	_	Animacy=Inan|Case=Nom|Gender=Neut|Number=Sing	_	_	_	@mva1988f-words#@mva1988f#4088.127#4088.362				
575	áûëî	áûòü	AUX	_	Aspect=Imp|Gender=Neut|Mood=Ind|Number=Sing|Tense=Past|VerbForm=Fin|Voice=Act	_	_	_	@mva1988f-words#@mva1988f#4088.362#4088.6				
576	÷òî	÷òî	PRON	_	Case=Acc	_	_	_	@mva1988f-words#@mva1988f#4088.893#4089.163				
577	ß	ß	PRON	_	Case=Nom|Number=Sing|Person=1	_	_	_	@mva1988f-words#@mva1988f#4089.163#4089.433				
578	÷óâñòâîâàëà	÷óâñòâîâàòü	VERB	_	Aspect=Imp|Gender=Fem|Mood=Ind|Number=Sing|Tense=Past|VerbForm=Fin|Voice=Act	_	_	_	@mva1988f-words#@mva1988f#4089.433#4089.703				
579	?	?	PUNCT	_	_	_	_	_	@mva1988f-words#@mva1988f#4089.703#4089.973				
580	íó	íó	PART	_	_	_	_	_	@mva1988f-words#@mva1988f#4089.973#4090.246				
581	ß	ß	PRON	_	Case=Nom|Number=Sing|Person=1	_	_	_	@mva1988f-words#@mva1988f#4090.393#4090.693				
582	äóìàþ	äóìàòü	VERB	_	Aspect=Imp|Mood=Ind|Number=Sing|Person=1|Tense=Pres|VerbForm=Fin|Voice=Act	_	_	_	@mva1988f-words#@mva1988f#4090.693#4090.993				
583	÷òî	÷òî	SCONJ	_	_	_	_	_	@mva1988f-words#@mva1988f#4090.993#4091.293				
584	òîæå	òîæå	PART	_	_	_	_	_	@mva1988f-words#@mva1988f#4091.293#4091.593				
585	ïîíßëà	ïîíßòü	VERB	_	Aspect=Perf|Gender=Fem|Mood=Ind|Number=Sing|Tense=Past|VerbForm=Fin|Voice=Act	_	_	_	@mva1988f-words#@mva1988f#4091.593#4091.893				
586	÷òî	÷òî	SCONJ	_	_	_	_	_	@mva1988f-words#@mva1988f#4091.893#4092.193				
587	ýòî	ýòî	PRON	_	Animacy=Inan|Case=Nom|Gender=Neut|Number=Sing	_	_	_	@mva1988f-words#@mva1988f#4092.193#4092.493				
588	äîñòàòî÷íî	äîñòàòî÷íî	ADV	_	Degree=Pos	_	_	_	@mva1988f-words#@mva1988f#4092.493#4092.793				
589	ñìåøíî	ñìåøíî	ADV	_	Degree=Pos 	_	_	_	@mva1988f-words#@mva1988f#4092.793#4093.099				
590	ß	ß	PRON	_	Case=Nom|Number=Sing|Person=1	_	_	_	@mva1988f-words#@mva1988f#4093.274#4093.656				
591	ñìåßëàñü	ñìåßòüñß	VERB	_	Aspect=Perf|Gender=Fem|Mood=Ind|Number=Sing|Tense=Past|VerbForm=Fin|Voice=Mid	_	_	_	@mva1988f-words#@mva1988f#4093.656#4094.039				
592	ààà	ààa	INTJ	_	_	_	_	_	@mva1988f-words#@mva1988f#4095.009#4095.597				
593	ß	ß	PRON	_	Case=Nom|Number=Sing|Person=1	_	_	_	@mva1988f-words#@mva1988f#4095.891#4096.48				
594	äà	äà	PART	_	_	_	_	_	@mva1988f-words#@mva1988f#4099.656#4099.883				
595	íè÷åãî	íè÷òî	PRON	_	Case=Gen	_	_	_	@mva1988f-words#@mva1988f#4099.883#4100.11				
596	ß	ß	PRON	_	Case=Nom|Number=Sing|Person=1	_	_	_	@mva1988f-words#@mva1988f#4100.11#4100.337				
597	íå	íå	PART	_	_	_	_	_	@mva1988f-words#@mva1988f#4100.337#4100.564				
598	÷óâñòâîâàëà	÷óâñòâîâàòü	VERB	_	Aspect=Imp|Gender=Fem|Mood=Ind|Number=Sing|Tense=Past|VerbForm=Fin|Voice=Act	_	_	_	@mva1988f-words#@mva1988f#4100.564#4100.791				
599	ß	ß	PRON	_	Case=Nom|Number=Sing|Person=1	_	_	_	@mva1988f-words#@mva1988f#4100.791#4101.018				
600	ïðîñòî	ïðîñòî	PART	_	_	_	_	_	@mva1988f-words#@mva1988f#4101.018#4101.245				
601	åõàëà	åõàòü	VERB	_	Aspect=Imp|Gender=Fem|Mood=Ind|Number=Sing|Tense=Past|VerbForm=Fin|Voice=Act	_	_	_	@mva1988f-words#@mva1988f#4101.245#4101.479				
602	ðàññêàæè	ðàññêàçàòü	VERB	_	Aspect=Perf|Mood=Imp|Number=Sing|Person=2|VerbForm=Fin|Voice=Act	_	_	_	@is1984f-words#@is1984f#3788.134#3788.437				
603	ìíå	ß	PRON	_	Case=Dat|Number=Sing|Person=1	_	_	_	@is1984f-words#@is1984f#3788.437#3788.74				
604	ëó÷øå	õîðîøî	ADV	_	Degree=Cmp	_	_	_	@is1984f-words#@is1984f#3788.74#3789.043				
605	ïðî	ïðî	ADP	_	_	_	_	_	@is1984f-words#@is1984f#3789.043#3789.346				
606	ñâîè	ñâîé	DET	_	Case=Acc|Number=Plur	_	_	_	@is1984f-words#@is1984f#3789.346#3789.649				
607	ãàñòðîëè	ãàñòðîëü	NOUN	_	Animacy=Inan|Case=Acc|Gender=Fem|Number=Plur	_	_	_	@is1984f-words#@is1984f#3789.649#3789.957				
608	ýý	ýý	INTJ	_	_	_	_	_	@is1984f-words#@is1984f#3790.163#3790.986				
609	ñ	ñ	ADP	_	_	_	_	_	@is1984f-words#@is1984f#3791.456#3791.773				
610	êîòîðûõ	êîòîðûé	PRON	_	Case=Gen|Number=Plur	_	_	_	@is1984f-words#@is1984f#3791.773#3792.09				
611	òû	òû	PRON	_	Case=Nom|Number=Sing|Person=2	_	_	_	@is1984f-words#@is1984f#3792.09#3792.407				
612	ñåé÷àñ	ñåé÷àñ	ADV	_	Degree=Pos	_	_	_	@is1984f-words#@is1984f#3792.407#3792.724				
613	âåðíóëàñü	âåðíóòüñß	VERB	_	Aspect=Perf|Gender=Fem|Mood=Ind|Number=Sing|Tense=Past|VerbForm=Fin|Voice=Mid	_	_	_	@is1984f-words#@is1984f#3792.724#3793.045				
614	òàê	òàê	ADV	_	Degree=Pos	_	_	_	@is1984f-words#@is1984f#3799.103#3799.515				
615	òàê	òàê	ADV	_	Degree=Pos	_	_	_	@is1984f-words#@is1984f#3806.868#3807.397				
616	ìõì	ìõì	INTJ	_	_	_	_	_	@is1984f-words#@is1984f#3809.098#3809.568				
617	ìõì	ìõì	INTJ	_	_	_	_	_	@is1984f-words#@is1984f#3814.332#3814.744				
618	ààà	àà	INTJ	_	_	_	_	_	@is1984f-words#@is1984f#3836.182#3836.711				
619	íàïðèìåð	íàïðèìåð	ADV	_	Degree=Pos	_	_	_	@is1984f-words#@is1984f#3838.351#3838.636				
620	à	à	CCONJ	_	_	_	_	_	@is1984f-words#@is1984f#3838.636#3838.921				
621	÷òî	÷òî	PRON	_	Case=Acc	_	_	_	@is1984f-words#@is1984f#3838.921#3839.206				
622	äåëàþò	äåëàòü	VERB	_	Aspect=Imp|Mood=Ind|Number=Plur|Person=3|Tense=Pres|VerbForm=Fin|Voice=Act	_	_	_	@is1984f-words#@is1984f#3839.206#3839.491				
623	ðåáßòà	ðåáßòà	NOUN	_	Animacy=Anim|Case=Nom|Gender=Neut|Number=Plur	_	_	_	@is1984f-words#@is1984f#3839.491#3839.776				
624	ïîñëå	ïîñëå	ADP	_	_	_	_	_	@is1984f-words#@is1984f#3839.776#3840.061				
625	ýòîãî	ýòî	PRON	_	Animacy=Inan|Case=Gen|Gender=Neut|Number=Sing	_	_	_	@is1984f-words#@is1984f#3840.061#3840.351				
626	êàêèå	êàêîé	DET	_	Case=Acc|Number=Plur	_	_	_	@is1984f-words#@is1984f#3840.469#3841.027				
627	êëàññíûå	êëàññíûé	ADJ	_	Animacy=Inan|Case=Acc|Degree=Pos|Number=Plur	_	_	_	@is1984f-words#@is1984f#3841.027#3841.586				
628	àêöèè	àêöèß	NOUN	_	Animacy=Inan|Case=Acc|Gender=Fem|Number=Plur	_	_	_	@is1984f-words#@is1984f#3843.174#3843.645				
629	îáàëäåòü	îáàëäåòü	VERB	_	Aspect=Perf|VerbForm=Inf|Voice=Act	_	_	_	@is1984f-words#@is1984f#3880.223#3881.047				
630	îáàëäåòü	îáàëäåòü	VERB	_	Aspect=Perf|VerbForm=Inf|Voice=Act	_	_	_	@is1984f-words#@is1984f#3881.635#3882.4				
631	çà÷	çà÷åì	ADV	_	Degree=Pos	_	_	_	@is1984f-words#@is1984f#3883.429#3883.929				
632	çà÷åì	çà÷åì	ADV	_	Degree=Pos	_	_	_	@is1984f-words#@is1984f#3883.929#3884.248				
633	ýòî	ýòî	PRON	_	Animacy=Inan|Case=Acc|Gender=Neut|Number=Sing	_	_	_	@is1984f-words#@is1984f#3884.248#3884.567				
634	íóæíî	íóæíûé	ADJ	_	Degree=Pos|Gender=Neut|Number=Sing|Variant=Short	_	_	_	@is1984f-words#@is1984f#3884.567#3884.886				
635	ëþäßì	÷åëîâåê	NOUN	_	Animacy=Anim|Case=Dat|Gender=Masc|Number=Plur	_	_	_	@is1984f-words#@is1984f#3884.886#3885.205				
636	ß	ß	PRON	_	Case=Nom|Number=Sing|Person=1	_	_	_	@is1984f-words#@is1984f#3885.205#3885.524				
637	íå	íå	PART	_	_	_	_	_	@is1984f-words#@is1984f#3885.524#3885.843				
638	ïîíèìàþ	ïîíèìàòü	VERB	_	Aspect=Imp|Mood=Ind|Number=Sing|Person=1|Tense=Pres|VerbForm=Fin|Voice=Act	_	_	_	@is1984f-words#@is1984f#3885.843#3886.165				
639	çà÷åì	çà÷åì	ADV	_	Degree=Pos	_	_	_	@is1984f-words#@is1984f#3886.459#3886.706				
640	èì	îíè	PRON	_	Case=Dat|Number=Plur|Person=3	_	_	_	@is1984f-words#@is1984f#3886.706#3886.953				
641	íóæåí	íóæíûé	ADJ	_	Degree=Pos|Gender=Masc|Number=Sing|Variant=Short	_	_	_	@is1984f-words#@is1984f#3886.953#3887.2				
642	ðóññêèé	ðóññêèé	NOUN	_	Animacy=Anim|Case=Nom|Gender=Masc|Number=Sing	_	_	_	@is1984f-words#@is1984f#3887.2#3887.447				
643	?	?	PUNCT	_	_	_	_	_	@is1984f-words#@is1984f#3887.447#3887.694				
644	ììì	ììì	INTJ	_	_	_	_	_	@is1984f-words#@is1984f#3894.654#3895.301				
645	äà	äà	PART	_	_	_	_	_	@is1984f-words#@is1984f#3898.977#3899.624				
646	ýý	ýý	INTJ	_	_	_	_	_	@is1984f-words#@is1984f#3900.624#3901.035				
647	÷òî	÷òî	PRON	_	Case=Acc	_	_	_	@is1984f-words#@is1984f#3937.933#3938.271				
648	çíà÷èò	çíà÷èòü	VERB	_	Aspect=Imp|Mood=Ind|Number=Sing|Person=3|Tense=Pres|VerbForm=Fin|Voice=Act	_	_	_	@is1984f-words#@is1984f#3938.271#3938.609				
649	èíà÷å	èíà÷å	ADV	_	Degree=Pos	_	_	_	@is1984f-words#@is1984f#3938.609#3938.947				
650	?	?	PUNCT	_	_	_	_	_	@is1984f-words#@is1984f#3938.947#3939.286				
651	ì	ì	INTJ	_	_	_	_	_	@is1984f-words#@is1984f#3957.755#3958.285				
652	÷òî	÷òî	PRON	_	Case=Acc	_	_	_	@is1984f-words#@is1984f#3965.431#3965.769				
653	òû	òû	PRON	_	Case=Nom|Number=Sing|Person=2	_	_	_	@is1984f-words#@is1984f#3965.769#3966.107				
654	÷óâñòâóåøü	÷óâñòâîâàòü	VERB	_	Aspect=Imp|Mood=Ind|Number=Sing|Person=2|Tense=Pres|VerbForm=Fin|Voice=Act	_	_	_	@is1984f-words#@is1984f#3966.107#3966.445				
655	êîãäà	êîãäà	SCONJ	_	_	_	_	_	@is1984f-words#@is1984f#3966.445#3966.783				
656	ïåðåøàãèâàåøü	ïåðåøàãèâàòü	VERB	_	Aspect=Imp|Mood=Ind|Number=Sing|Person=2|Tense=Pres|VerbForm=Fin|Voice=Act	_	_	_	@is1984f-words#@is1984f#3966.783#3967.121				
657	ýòîò	ýòîò	DET	_	Case=Acc|Gender=Masc|Number=Sing	_	_	_	@is1984f-words#@is1984f#3967.121#3967.459				
658	ïîðîã	ïîðîã	NOUN	_	Animacy=Inan|Case=Acc|Gender=Masc|Number=Sing	_	_	_	@is1984f-words#@is1984f#3967.459#3967.797				
659	?	?	PUNCT	_	_	_	_	_	@is1984f-words#@is1984f#3967.797#3968.137				
660	äà	äà	CCONJ	_	_	_	_	_	@is1984f-words#@is1984f#3976.637#3977.107				
661	òåáå	òû	PRON	_	Case=Dat|Number=Sing|Person=2	_	_	_	@is1984f-words#@is1984f#3993.989#3994.302				
662	áûëî	áûòü	AUX	_	Aspect=Imp|Gender=Neut|Mood=Ind|Number=Sing|Tense=Past|VerbForm=Fin|Voice=Act	_	_	_	@is1984f-words#@is1984f#3994.302#3994.615				
663	óíèçèòåëüíî	óíèçèòåëüíî	ADV	_	Degree=Pos	_	_	_	@is1984f-words#@is1984f#3994.615#3994.928				
664	âûõîäèòü	âûõîäèòü	VERB	_	Aspect=Imp|VerbForm=Inf|Voice=Act	_	_	_	@is1984f-words#@is1984f#3994.928#3995.241				
665	ïî	ïî	ADP	_	_	_	_	_	@is1984f-words#@is1984f#3995.241#3995.554				
666	àìíèñòèè	àìíèñòèß	NOUN	_	Animacy=Inan|Case=Dat|Gender=Fem|Number=Sing	_	_	_	@is1984f-words#@is1984f#3995.554#3995.867				
667	èëè	èëè	CCONJ	_	_	_	_	_	@is1984f-words#@is1984f#3995.867#3996.18				
668	÷òî	÷òî	PRON	_	Case=Acc	_	_	_	@is1984f-words#@is1984f#3996.18#3996.493				
669	?	?	PUNCT	_	_	_	_	_	@is1984f-words#@is1984f#3996.493#3996.813				
670	ïßòü	ïßòü	NUM	_	Case=Nom	_	_	_	@is1984f-words#@is1984f#4024.372#4024.607				
671	æåíùèí	æåíùèíà	NOUN	_	Animacy=Anim|Case=Nom|Gender=Fem|Number=Plur	_	_	_	@is1984f-words#@is1984f#4024.607#4024.842				
672	?	?	PUNCT	_	_	_	_	_	@is1984f-words#@is1984f#4024.842#4025.078				
673	äâîå	äâîå	NUM	_	Case=Nom	_	_	_	@is1984f-words#@is1984f#4028.519#4028.769				
674	òû	òû	PRON	_	Case=Nom|Number=Sing|Person=2	_	_	_	@is1984f-words#@is1984f#4028.769#4029.019				
675	è	è	CCONJ	_	_	_	_	_	@is1984f-words#@is1984f#4029.019#4029.269				
